Workbook

Sheet Cronograma
A1: Puestos | B1: Nocturno | C1: 46023 | D1: 46024 | E1: 46025 | F1: 46026 | G1: 46027 | H1: 46028 | I1: 46029 | J1: 46030 | K1: 46031 | L1: 46032 | M1: 46033 | N1: 46034 | O1: 46035 | P1: 46036 | Q1: 46037
A2: D - L1 | B2: FALSE | C2: Diana Carolina Molina | D2: Diana Carolina Molina | E2: Xiomara | F2: Alba Becerra | G2: Diana Carolina Molina | H2: Diana Carolina Molina | I2: Diana Carolina Molina | J2: Diana Carolina Molina | K2: Diana Carolina Molina | L2: Betsy Mauribel | M2: Alba Becerra | N2: Diana Carolina Molina | O2: Diana Carolina Molina | P2: Diana Carolina Molina | Q2: Diana Carolina Molina
A3: D - L3 | B3: FALSE | C3: Yenifer | D3: Alba Becerra | E3: Rosa Angelica | F3: Rosa Angelica | G3: Luisa Viviana | H3: Alba Becerra | I3: Alba Becerra | J3: Anyelis | K3: Anyelis | L3: Gilvert | M3: Gilvert | N3: Elisa Parra | O3: Elisa Parra | P3: Elisa Parra | Q3: Anyelis
A4: D - L5 | B4: FALSE | C4: Efigenia | D4: Efigenia | E4: Efigenia | F4: Efigenia | G4: Xiomara | H4: Efigenia | I4: Efigenia | J4: Efigenia | K4: Efigenia | L4: Efigenia | M4: Betsy Mauribel | N4: Betsy Mauribel | O4: Betsy Mauribel | P4: Betsy Mauribel | Q4: Efigenia
A5: D - L7 | B5: FALSE | C5: Alba Becerra | D5: Angie Castillo | E5: Angie Castillo | F5: Angie Castillo | G5: Anyelis | H5: Darcy Lorena | I5: Darcy Lorena | J5: Darcy Lorena | K5: Dora | L5: Dora | M5: Darcy Lorena | N5: Darcy Lorena | O5: Darcy Lorena | P5: Darcy Lorena | Q5: Darcy Lorena
A6: D - L8 | B6: FALSE | C6: Angie Castillo | D6: Dora | E6: Alba Becerra | F6: Dora | G6: German Avila | H6: German Avila | I6: German Avila | J6: German Avila | K6: German Avila | M6: German Avila | N6: German Avila | O6: German Avila | P6: German Avila | Q6: German Avila
A7: D - L9 | B7: FALSE | C7: Dora | D7: Luisa Viviana | E7: Dora | F7: Xiomara | G7: Darcy Lorena | H7: Anyelis | I7: Dora | J7: Dora | K7: Darcy Lorena | L7: Alba Becerra | M7: Elisa Parra | N7: Anyelis | O7: Anyelis | P7: Anyelis | Q7: Dora
A8: D - L11 | B8: FALSE | C8: Xiomara | D8: Rosa Angelica | E8: Luisa Viviana | F8: Luisa Viviana | G8: Rosa Angelica | H8: Xiomara | I8: Anyelis | J8: Alba Becerra | K8: Adanies | L8: Elisa Parra | M8: Anyelis | N8: Gilvert | O8: Gilvert | P8: Gilvert | Q8: Alba Becerra
A9: D - Supervisor | B9: FALSE | C9: Gisela | D9: Martha | E9: Martha | F9: Gisela | G9: Gisela | H9: Martha | I9: Martha | J9: Gisela | K9: Gisela | L9: Martha | M9: Martha | N9: Gisela | O9: Gisela | P9: Martha | Q9: Martha
A10: D - Cocina | B10: FALSE | C10: Adriana | D10: Adriana | E10: Adriana | F10: Adriana | G10: Adriana | H10: Luz Mery | I10: Adriana | J10: Adriana | K10: Adriana | L10: Adriana | M10: Adriana | N10: Luz Mery | O10: Adriana | P10: Adriana | Q10: Adriana
A11: D - Cocina 2 | B11: FALSE | C11: Claudia Patricia | D11: Claudia Patricia | E11: Claudia Patricia | F11: Claudia Patricia | G11: Claudia Patricia | I11: Claudia Patricia | J11: Claudia Patricia | K11: Claudia Patricia | L11: Claudia Patricia | M11: Claudia Patricia | O11: Claudia Patricia | P11: Claudia Patricia | Q11: Claudia Patricia
A12: D - Cocina 3 | B12: FALSE | C12: Luz Estela | D12: Luz Estela | E12: Luz Estela | F12: Luz Estela | G12: Luz Estela | I12: Jeferson | J12: Ofelia | K12: Ofelia | L12: Ofelia | M12: Ofelia | N12: Ofelia | O12: Jeferson | P12: Ofelia | Q12: Ofelia
A13: D - Barra | B13: FALSE | C13: Carolina | D13: Carolina | E13: Carolina | F13: Carolina | G13: Carolina | H13: Maria Naydu | I13: Maria Naydu | J13: Maria Naydu | K13: Maria Naydu | L13: Maria Naydu | M13: Adanies | N13: Adanies | O13: Adanies | P13: Maria Alejandra | Q13: Maria Alejandra
A14: D - Salón | B14: FALSE | C14: Maria Naydu | D14: Maria Naydu | E14: Maria Naydu | F14: Maria Naydu | G14: Maria Alejandra | H14: Maria Alejandra | I14: Maria Alejandra | J14: Maria Alejandra | K14: Maria Alejandra | L14: Luz Mery | M14: Maria Alejandra | N14: Maria Alejandra | O14: Maria Alejandra | P14: Carolina | Q14: Carolina
A15: D - Aseo | B15: FALSE | C15: Tatiana | D15: Tatiana | E15: Tatiana | F15: Tatiana | G15: Tatiana | H15: Dora | I15: Tatiana | J15: Tatiana | K15: Tatiana | L15: Tatiana | M15: Tatiana | N15: Dora | O15: Dora | P15: Tatiana | Q15: Tatiana
A16: D - Caja | B16: FALSE | C16: Angie Marcela | D16: Angie Marcela | E16: Angie Marcela | F16: Angie Marcela | G16: Rosalba | H16: Rosalba | I16: Rosalba | J16: Rosalba | K16: Rosalba | L16: Adanies | M16: Rosalba | N16: Rosalba | O16: Rosalba | P16: Rosalba | Q16: Rosalba
A17: D - Dulcería | B17: FALSE | C17: Luz Mery | D17: Luz Mery | E17: Luz Mery | F17: Luz Mery | G17: Angie Castillo | I17: Angie Castillo | J17: Angie Castillo | K17: Angie Castillo | L17: Angie Castillo | M17: Luz Mery | N17: Angie Castillo | O17: Angie Castillo | P17: Angie Castillo | Q17: Angie Castillo
A18: D - Bodega | B18: FALSE | C18: Jeferson | D18: Jeferson | E18: Jeferson | F18: Jeferson | G18: Jeferson | I18: Luz Mery | J18: Luz Mery | K18: Jeferson | L18: Jeferson | M18: Jeferson | N18: Jeferson | O18: Luz Mery | P18: Luz Mery | Q18: Jeferson
A19: D - Administrador | B19: FALSE | C19: Claudia Milena | D19: Claudia Milena | E19: Claudia Milena | F19: Claudia Milena | G19: Claudia Milena | I19: Claudia Milena | J19: Claudia Milena | K19: Claudia Milena | L19: Claudia Milena | M19: Claudia Milena | O19: Claudia Milena | P19: Claudia Milena | Q19: Claudia Milena
A20: D - Mensajería | B20: FALSE | C20: Victor Julio | D20: Victor Julio | E20: Victor Julio | F20: Victor Julio | G20: Victor Julio | I20: Victor Julio | J20: Victor Julio | K20: Victor Julio | L20: Victor Julio | M20: Victor Julio | O20: Victor Julio | P20: Victor Julio | Q20: Victor Julio
A21: N - L1 | B21: TRUE | C21: Elisa Parra | D21: Anyelis | E21: Elisa Parra | F21: Betsy Mauribel | G21: Maria Paula | H21: Maria Paula | I21: Stefany | J21: Maria Paula | K21: Maria Paula | L21: Maria Paula | M21: Maria Paula | N21: Maria Paula | O21: Maribel | P21: Maribel | Q21: Maria Paula
A22: N - L3 | B22: TRUE | C22: Gilvert | D22: Adanies | E22: Erika Mayerlli | F22: Maribel | G22: Betsy Mauribel | H22: Betsy Mauribel | I22: Elisa Parra | J22: Rosa Angelica | K22: Rosa Angelica | L22: Rosa Angelica | M22: Rosa Angelica | N22: Erika Mayerlli | O22: Rosa Angelica | P22: Rosa Angelica | Q22: Rosa Angelica
A23: N - L5 | B23: TRUE | C23: Betsy Mauribel | D23: Maria Paula | E23: Maribel | F23: Yenifer | G23: Yenifer | H23: Gilvert | I23: Betsy Mauribel | J23: Erika Mayerlli | K23: Erika Mayerlli | L23: Erika Mayerlli | M23: Xiomara | P23: Erika Mayerlli | Q23: Erika Mayerlli
A24: N - L7 | B24: TRUE | C24: Anyelis | D24: Darcy Lorena | E24: Betsy Mauribel | F24: Elisa Parra | G24: Elisa Parra | H24: Erika Mayerlli | I24: Gilvert | J24: Maribel | K24: Stefany | L24: Maribel | M24: Erika Mayerlli | N24: Stefany | P24: Maria Paula | Q24: Adanies
A25: N - L8 | B25: TRUE | C25: German Avila | D25: German Avila | E25: Gilvert | F25: Gilvert | G25: Maribel | H25: Maribel | I25: Rosa Angelica | J25: Stefany | K25: Yenifer | L25: Yenifer | M25: Maribel | N25: Maribel | O25: Stefany | P25: Stefany | Q25: Yenifer
A26: N - L9 | B26: TRUE | C26: Darcy Lorena | D26: Maribel | E26: Maria Paula | F26: Erika Mayerlli | G26: Erika Mayerlli | H26: Elisa Parra | I26: Yenifer | J26: Luisa Viviana | K26: Luisa Viviana | L26: Luisa Viviana | M26: Luisa Viviana | N26: Yenifer | O26: Yenifer | P26: Luisa Viviana | Q26: Luisa Viviana
A27: N - L11 | B27: TRUE | C27: Erika Mayerlli | D27: Stefany | E27: Yenifer | F27: Maria Paula | G27: Gilvert | H27: Yenifer | I27: Luisa Viviana | J27: Xiomara | K27: Xiomara | L27: Xiomara | M27: Yenifer | N27: Xiomara | O27: Luisa Viviana | P27: Xiomara | Q27: Xiomara
A28: N - Cocina | B28: TRUE | C28: Ofelia | D28: Ofelia | E28: Ofelia | F28: Ofelia | G28: Ofelia | I28: Luz Estela | J28: Luz Estela | K28: Luz Estela | L28: Luz Estela | M28: Luz Estela | O28: Luz Estela | P28: Luz Estela | Q28: Luz Estela
A29: N - Caja | B29: TRUE | C29: Rosalba | D29: Rosalba | E29: Stefany | F29: Stefany | G29: Stefany | H29: Angie Marcela | I29: Angie Marcela | J29: Angie Marcela | K29: Angie Marcela | L29: Angie Marcela | M29: Stefany | N29: Angie Marcela | O29: Angie Marcela | P29: Angie Marcela | Q29: Angie Marcela
A30: N - Barra y salón | B30: TRUE | C30: Maria Alejandra | D30: Maria Alejandra | E30: Adanies | F30: Adanies | G30: Adanies | H30: Adanies | I30: Carolina | J30: Carolina | K30: Carolina | L30: Carolina | M30: Carolina | N30: Maria Naydu | O30: Maria Naydu | P30: Maria Naydu | Q30: Maria Naydu

Sheet Empleados
A1: Nombre | B1: Día | C1: Noche | D1: Descanso | E1: 46023 | F1: 46024 | G1: 46025 | H1: 46026 | I1: 46027 | J1: 46028 | K1: 46029 | L1: 46030 | M1: 46031 | N1: 46032 | O1: 46033 | P1: 46034 | Q1: 46035 | R1: 46036 | S1: 46037
A2: Adanies | B2: =SUMPRODUCT((Cronograma!B2:B30=FALSE) * (COUNTIF(E2:S2, Cronograma!A2:A30))) -> 0 | C2: =SUMPRODUCT((Cronograma!B2:B30=TRUE) * (COUNTIF(E2:S2, Cronograma!A2:A30))) -> 0 | D2: =SUM(((SUMPRODUCT((Cronograma!C$2:C$30=$A2)*1)=0)*NOT(SUMPRODUCT((Cronograma!D$2:D$30=$A2)*(Cronograma!$B$2:$B$30=FALSE))>0)),(((SUMPRODUCT((Cronograma!D$2:D$30=$A2)*1)=0)*NOT(SUMPRODUCT((Cronograma!C$2:C$30=$A2)*(Cronograma!$B$2:$B$30=TRUE))>0))+((SUMPRODUCT((Cronograma!D$2:D$30=$A2)*1)=0)*NOT(SUMPRODUCT((Cronograma!E$2:E$30=$A2)*(Cronograma!$B$2:$B$30=FALSE))>0))>0),(((SUMPRODUCT((Cronograma!E$2:E$30=$A2)*1)=0)*NOT(SUMPRODUCT((Cronograma!D$2:D$30=$A2)*(Cronograma!$B$2:$B$30=TRUE))>0))+((SUMPRODUCT((Cronograma!E$2:E$30=$A2)*1)=0)*NOT(SUMPRODUCT((Cronograma!F$2:F$30=$A2)*(Cronograma!$B$2:$B$30=FALSE))>0))>0),(((SUMPRODUCT((Cronograma!F$2:F$30=$A2)*1)=0)*NOT(SUMPRODUCT((Cronograma!E$2:E$30=$A2)*(Cronograma!$B$2:$B$30=TRUE))>0))+((SUMPRODUCT((Cronograma!F$2:F$30=$A2)*1)=0)*NOT(SUMPRODUCT((Cronograma!G$2:G$30=$A2)*(Cronograma!$B$2:$B$30=FALSE))>0))>0),(((SUMPRODUCT((Cronograma!G$2:G$30=$A2)*1)=0)*NOT(SUMPRODUCT((Cronograma!F$2:F$30=$A2)*(Cronograma!$B$2:$B$30=TRUE))>0))+((SUMPRODUCT((Cronograma!G$2:G$30=$A2)*1)=0)*NOT(SUMPRODUCT((Cronograma!H$2:H$30=$A2)*(Cronograma!$B$2:$B$30=FALSE))>0))>0),(((SUMPRODUCT((Cronograma!H$2:H$30=$A2)*1)=0)*NOT(SUMPRODUCT((Cronograma!G$2:G$30=$A2)*(Cronograma!$B$2:$B$30=TRUE))>0))+((SUMPRODUCT((Cronograma!H$2:H$30=$A2)*1)=0)*NOT(SUMPRODUCT((Cronograma!I$2:I$30=$A2)*(Cronograma!$B$2:$B$30=FALSE))>0))>0),(((SUMPRODUCT((Cronograma!I$2:I$30=$A2)*1)=0)*NOT(SUMPRODUCT((Cronograma!H$2:H$30=$A2)*(Cronograma!$B$2:$B$30=TRUE))>0))+((SUMPRODUCT((Cronograma!I$2:I$30=$A2)*1)=0)*NOT(SUMPRODUCT((Cronograma!J$2:J$30=$A2)*(Cronograma!$B$2:$B$30=FALSE))>0))>0),(((SUMPRODUCT((Cronograma!J$2:J$30=$A2)*1)=0)*NOT(SUMPRODUCT((Cronograma!I$2:I$30=$A2)*(Cronograma!$B$2:$B$30=TRUE))>0))+((SUMPRODUCT((Cronograma!J$2:J$30=$A2)*1)=0)*NOT(SUMPRODUCT((Cronograma!K$2:K$30=$A2)*(Cronograma!$B$2:$B$30=FALSE))>0))>0),(((SUMPRODUCT((Cronograma!K$2:K$30=$A2)*1)=0)*NOT(SUMPRODUCT((Cronograma!J$2:J$30=$A2)*(Cronograma!$B$2:$B$30=TRUE))>0))+((SUMPRODUCT((Cronograma!K$2:K$30=$A2)*1)=0)*NOT(SUMPRODUCT((Cronograma!L$2:L$30=$A2)*(Cronograma!$B$2:$B$30=FALSE))>0))>0),(((SUMPRODUCT((Cronograma!L$2:L$30=$A2)*1)=0)*NOT(SUMPRODUCT((Cronograma!K$2:K$30=$A2)*(Cronograma!$B$2:$B$30=TRUE))>0))+((SUMPRODUCT((Cronograma!L$2:L$30=$A2)*1)=0)*NOT(SUMPRODUCT((Cronograma!M$2:M$30=$A2)*(Cronograma!$B$2:$B$30=FALSE))>0))>0),(((SUMPRODUCT((Cronograma!M$2:M$30=$A2)*1)=0)*NOT(SUMPRODUCT((Cronograma!L$2:L$30=$A2)*(Cronograma!$B$2:$B$30=TRUE))>0))+((SUMPRODUCT((Cronograma!M$2:M$30=$A2)*1)=0)*NOT(SUMPRODUCT((Cronograma!N$2:N$30=$A2)*(Cronograma!$B$2:$B$30=FALSE))>0))>0),(((SUMPRODUCT((Cronograma!N$2:N$30=$A2)*1)=0)*NOT(SUMPRODUCT((Cronograma!M$2:M$30=$A2)*(Cronograma!$B$2:$B$30=TRUE))>0))+((SUMPRODUCT((Cronograma!N$2:N$30=$A2)*1)=0)*NOT(SUMPRODUCT((Cronograma!O$2:O$30=$A2)*(Cronograma!$B$2:$B$30=FALSE))>0))>0),(((SUMPRODUCT((Cronograma!O$2:O$30=$A2)*1)=0)*NOT(SUMPRODUCT((Cronograma!N$2:N$30=$A2)*(Cronograma!$B$2:$B$30=TRUE))>0))+((SUMPRODUCT((Cronograma!O$2:O$30=$A2)*1)=0)*NOT(SUMPRODUCT((Cronograma!P$2:P$30=$A2)*(Cronograma!$B$2:$B$30=FALSE))>0))>0),(((SUMPRODUCT((Cronograma!P$2:P$30=$A2)*1)=0)*NOT(SUMPRODUCT((Cronograma!O$2:O$30=$A2)*(Cronograma!$B$2:$B$30=TRUE))>0))+((SUMPRODUCT((Cronograma!P$2:P$30=$A2)*1)=0)*NOT(SUMPRODUCT((Cronograma!Q$2:Q$30=$A2)*(Cronograma!$B$2:$B$30=FALSE))>0))>0),((SUMPRODUCT((Cronograma!Q$2:Q$30=$A2)*1)=0)*NOT(SUMPRODUCT((Cronograma!P$2:P$30=$A2)*(Cronograma!$B$2:$B$30=TRUE))>0))) -> 0 | E2: {=_xlfn.XLOOKUP("Adanies",Cronograma!C2:C30,Cronograma!A2:A30,"")} -> 0 | F2: {=_xlfn.XLOOKUP("Adanies",Cronograma!D2:D30,Cronograma!A2:A30,"")} -> 0 | G2: {=_xlfn.XLOOKUP("Adanies",Cronograma!E2:E30,Cronograma!A2:A30,"")} -> 0 | H2: {=_xlfn.XLOOKUP("Adanies",Cronograma!F2:F30,Cronograma!A2:A30,"")} -> 0 | I2: {=_xlfn.XLOOKUP("Adanies",Cronograma!G2:G30,Cronograma!A2:A30,"")} -> 0 | J2: {=_xlfn.XLOOKUP("Adanies",Cronograma!H2:H30,Cronograma!A2:A30,"")} -> 0 | K2: {=_xlfn.XLOOKUP("Adanies",Cronograma!I2:I30,Cronograma!A2:A30,"")} -> 0 | L2: {=_xlfn.XLOOKUP("Adanies",Cronograma!J2:J30,Cronograma!A2:A30,"")} -> 0 | M2: {=_xlfn.XLOOKUP("Adanies",Cronograma!K2:K30,Cronograma!A2:A30,"")} -> 0 | N2: {=_xlfn.XLOOKUP("Adanies",Cronograma!L2:L30,Cronograma!A2:A30,"")} -> 0 | O2: {=_xlfn.XLOOKUP("Adanies",Cronograma!M2:M30,Cronograma!A2:A30,"")} -> 0 | P2: {=_xlfn.XLOOKUP("Adanies",Cronograma!N2:N30,Cronograma!A2:A30,"")} -> 0 | Q2: {=_xlfn.XLOOKUP("Adanies",Cronograma!O2:O30,Cronograma!A2:A30,"")} -> 0 | R2: {=_xlfn.XLOOKUP("Adanies",Cronograma!P2:P30,Cronograma!A2:A30,"")} -> 0 | S2: {=_xlfn.XLOOKUP("Adanies",Cronograma!Q2:Q30,Cronograma!A2:A30,"")} -> 0
A3: Alba Becerra | B3: =SUMPRODUCT((Cronograma!B2:B30=FALSE) * (COUNTIF(E3:S3, Cronograma!A2:A30))) -> 0 | C3: =SUMPRODUCT((Cronograma!B2:B30=TRUE) * (COUNTIF(E3:S3, Cronograma!A2:A30))) -> 0 | D3: =SUM(((SUMPRODUCT((Cronograma!C$2:C$30=$A3)*1)=0)*NOT(SUMPRODUCT((Cronograma!D$2:D$30=$A3)*(Cronograma!$B$2:$B$30=FALSE))>0)),(((SUMPRODUCT((Cronograma!D$2:D$30=$A3)*1)=0)*NOT(SUMPRODUCT((Cronograma!C$2:C$30=$A3)*(Cronograma!$B$2:$B$30=TRUE))>0))+((SUMPRODUCT((Cronograma!D$2:D$30=$A3)*1)=0)*NOT(SUMPRODUCT((Cronograma!E$2:E$30=$A3)*(Cronograma!$B$2:$B$30=FALSE))>0))>0),(((SUMPRODUCT((Cronograma!E$2:E$30=$A3)*1)=0)*NOT(SUMPRODUCT((Cronograma!D$2:D$30=$A3)*(Cronograma!$B$2:$B$30=TRUE))>0))+((SUMPRODUCT((Cronograma!E$2:E$30=$A3)*1)=0)*NOT(SUMPRODUCT((Cronograma!F$2:F$30=$A3)*(Cronograma!$B$2:$B$30=FALSE))>0))>0),(((SUMPRODUCT((Cronograma!F$2:F$30=$A3)*1)=0)*NOT(SUMPRODUCT((Cronograma!E$2:E$30=$A3)*(Cronograma!$B$2:$B$30=TRUE))>0))+((SUMPRODUCT((Cronograma!F$2:F$30=$A3)*1)=0)*NOT(SUMPRODUCT((Cronograma!G$2:G$30=$A3)*(Cronograma!$B$2:$B$30=FALSE))>0))>0),(((SUMPRODUCT((Cronograma!G$2:G$30=$A3)*1)=0)*NOT(SUMPRODUCT((Cronograma!F$2:F$30=$A3)*(Cronograma!$B$2:$B$30=TRUE))>0))+((SUMPRODUCT((Cronograma!G$2:G$30=$A3)*1)=0)*NOT(SUMPRODUCT((Cronograma!H$2:H$30=$A3)*(Cronograma!$B$2:$B$30=FALSE))>0))>0),(((SUMPRODUCT((Cronograma!H$2:H$30=$A3)*1)=0)*NOT(SUMPRODUCT((Cronograma!G$2:G$30=$A3)*(Cronograma!$B$2:$B$30=TRUE))>0))+((SUMPRODUCT((Cronograma!H$2:H$30=$A3)*1)=0)*NOT(SUMPRODUCT((Cronograma!I$2:I$30=$A3)*(Cronograma!$B$2:$B$30=FALSE))>0))>0),(((SUMPRODUCT((Cronograma!I$2:I$30=$A3)*1)=0)*NOT(SUMPRODUCT((Cronograma!H$2:H$30=$A3)*(Cronograma!$B$2:$B$30=TRUE))>0))+((SUMPRODUCT((Cronograma!I$2:I$30=$A3)*1)=0)*NOT(SUMPRODUCT((Cronograma!J$2:J$30=$A3)*(Cronograma!$B$2:$B$30=FALSE))>0))>0),(((SUMPRODUCT((Cronograma!J$2:J$30=$A3)*1)=0)*NOT(SUMPRODUCT((Cronograma!I$2:I$30=$A3)*(Cronograma!$B$2:$B$30=TRUE))>0))+((SUMPRODUCT((Cronograma!J$2:J$30=$A3)*1)=0)*NOT(SUMPRODUCT((Cronograma!K$2:K$30=$A3)*(Cronograma!$B$2:$B$30=FALSE))>0))>0),(((SUMPRODUCT((Cronograma!K$2:K$30=$A3)*1)=0)*NOT(SUMPRODUCT((Cronograma!J$2:J$30=$A3)*(Cronograma!$B$2:$B$30=TRUE))>0))+((SUMPRODUCT((Cronograma!K$2:K$30=$A3)*1)=0)*NOT(SUMPRODUCT((Cronograma!L$2:L$30=$A3)*(Cronograma!$B$2:$B$30=FALSE))>0))>0),(((SUMPRODUCT((Cronograma!L$2:L$30=$A3)*1)=0)*NOT(SUMPRODUCT((Cronograma!K$2:K$30=$A3)*(Cronograma!$B$2:$B$30=TRUE))>0))+((SUMPRODUCT((Cronograma!L$2:L$30=$A3)*1)=0)*NOT(SUMPRODUCT((Cronograma!M$2:M$30=$A3)*(Cronograma!$B$2:$B$30=FALSE))>0))>0),(((SUMPRODUCT((Cronograma!M$2:M$30=$A3)*1)=0)*NOT(SUMPRODUCT((Cronograma!L$2:L$30=$A3)*(Cronograma!$B$2:$B$30=TRUE))>0))+((SUMPRODUCT((Cronograma!M$2:M$30=$A3)*1)=0)*NOT(SUMPRODUCT((Cronograma!N$2:N$30=$A3)*(Cronograma!$B$2:$B$30=FALSE))>0))>0),(((SUMPRODUCT((Cronograma!N$2:N$30=$A3)*1)=0)*NOT(SUMPRODUCT((Cronograma!M$2:M$30=$A3)*(Cronograma!$B$2:$B$30=TRUE))>0))+((SUMPRODUCT((Cronograma!N$2:N$30=$A3)*1)=0)*NOT(SUMPRODUCT((Cronograma!O$2:O$30=$A3)*(Cronograma!$B$2:$B$30=FALSE))>0))>0),(((SUMPRODUCT((Cronograma!O$2:O$30=$A3)*1)=0)*NOT(SUMPRODUCT((Cronograma!N$2:N$30=$A3)*(Cronograma!$B$2:$B$30=TRUE))>0))+((SUMPRODUCT((Cronograma!O$2:O$30=$A3)*1)=0)*NOT(SUMPRODUCT((Cronograma!P$2:P$30=$A3)*(Cronograma!$B$2:$B$30=FALSE))>0))>0),(((SUMPRODUCT((Cronograma!P$2:P$30=$A3)*1)=0)*NOT(SUMPRODUCT((Cronograma!O$2:O$30=$A3)*(Cronograma!$B$2:$B$30=TRUE))>0))+((SUMPRODUCT((Cronograma!P$2:P$30=$A3)*1)=0)*NOT(SUMPRODUCT((Cronograma!Q$2:Q$30=$A3)*(Cronograma!$B$2:$B$30=FALSE))>0))>0),((SUMPRODUCT((Cronograma!Q$2:Q$30=$A3)*1)=0)*NOT(SUMPRODUCT((Cronograma!P$2:P$30=$A3)*(Cronograma!$B$2:$B$30=TRUE))>0))) -> 0 | E3: {=_xlfn.XLOOKUP("Alba Becerra",Cronograma!C2:C30,Cronograma!A2:A30,"")} -> 0 | F3: {=_xlfn.XLOOKUP("Alba Becerra",Cronograma!D2:D30,Cronograma!A2:A30,"")} -> 0 | G3: {=_xlfn.XLOOKUP("Alba Becerra",Cronograma!E2:E30,Cronograma!A2:A30,"")} -> 0 | H3: {=_xlfn.XLOOKUP("Alba Becerra",Cronograma!F2:F30,Cronograma!A2:A30,"")} -> 0 | I3: {=_xlfn.XLOOKUP("Alba Becerra",Cronograma!G2:G30,Cronograma!A2:A30,"")} -> 0 | J3: {=_xlfn.XLOOKUP("Alba Becerra",Cronograma!H2:H30,Cronograma!A2:A30,"")} -> 0 | K3: {=_xlfn.XLOOKUP("Alba Becerra",Cronograma!I2:I30,Cronograma!A2:A30,"")} -> 0 | L3: {=_xlfn.XLOOKUP("Alba Becerra",Cronograma!J2:J30,Cronograma!A2:A30,"")} -> 0 | M3: {=_xlfn.XLOOKUP("Alba Becerra",Cronograma!K2:K30,Cronograma!A2:A30,"")} -> 0 | N3: {=_xlfn.XLOOKUP("Alba Becerra",Cronograma!L2:L30,Cronograma!A2:A30,"")} -> 0 | O3: {=_xlfn.XLOOKUP("Alba Becerra",Cronograma!M2:M30,Cronograma!A2:A30,"")} -> 0 | P3: {=_xlfn.XLOOKUP("Alba Becerra",Cronograma!N2:N30,Cronograma!A2:A30,"")} -> 0 | Q3: {=_xlfn.XLOOKUP("Alba Becerra",Cronograma!O2:O30,Cronograma!A2:A30,"")} -> 0 | R3: {=_xlfn.XLOOKUP("Alba Becerra",Cronograma!P2:P30,Cronograma!A2:A30,"")} -> 0 | S3: {=_xlfn.XLOOKUP("Alba Becerra",Cronograma!Q2:Q30,Cronograma!A2:A30,"")} -> 0
A4: Angie Castillo | B4: =SUMPRODUCT((Cronograma!B2:B30=FALSE) * (COUNTIF(E4:S4, Cronograma!A2:A30))) -> 0 | C4: =SUMPRODUCT((Cronograma!B2:B30=TRUE) * (COUNTIF(E4:S4, Cronograma!A2:A30))) -> 0 | D4: =SUM(((SUMPRODUCT((Cronograma!C$2:C$30=$A4)*1)=0)*NOT(SUMPRODUCT((Cronograma!D$2:D$30=$A4)*(Cronograma!$B$2:$B$30=FALSE))>0)),(((SUMPRODUCT((Cronograma!D$2:D$30=$A4)*1)=0)*NOT(SUMPRODUCT((Cronograma!C$2:C$30=$A4)*(Cronograma!$B$2:$B$30=TRUE))>0))+((SUMPRODUCT((Cronograma!D$2:D$30=$A4)*1)=0)*NOT(SUMPRODUCT((Cronograma!E$2:E$30=$A4)*(Cronograma!$B$2:$B$30=FALSE))>0))>0),(((SUMPRODUCT((Cronograma!E$2:E$30=$A4)*1)=0)*NOT(SUMPRODUCT((Cronograma!D$2:D$30=$A4)*(Cronograma!$B$2:$B$30=TRUE))>0))+((SUMPRODUCT((Cronograma!E$2:E$30=$A4)*1)=0)*NOT(SUMPRODUCT((Cronograma!F$2:F$30=$A4)*(Cronograma!$B$2:$B$30=FALSE))>0))>0),(((SUMPRODUCT((Cronograma!F$2:F$30=$A4)*1)=0)*NOT(SUMPRODUCT((Cronograma!E$2:E$30=$A4)*(Cronograma!$B$2:$B$30=TRUE))>0))+((SUMPRODUCT((Cronograma!F$2:F$30=$A4)*1)=0)*NOT(SUMPRODUCT((Cronograma!G$2:G$30=$A4)*(Cronograma!$B$2:$B$30=FALSE))>0))>0),(((SUMPRODUCT((Cronograma!G$2:G$30=$A4)*1)=0)*NOT(SUMPRODUCT((Cronograma!F$2:F$30=$A4)*(Cronograma!$B$2:$B$30=TRUE))>0))+((SUMPRODUCT((Cronograma!G$2:G$30=$A4)*1)=0)*NOT(SUMPRODUCT((Cronograma!H$2:H$30=$A4)*(Cronograma!$B$2:$B$30=FALSE))>0))>0),(((SUMPRODUCT((Cronograma!H$2:H$30=$A4)*1)=0)*NOT(SUMPRODUCT((Cronograma!G$2:G$30=$A4)*(Cronograma!$B$2:$B$30=TRUE))>0))+((SUMPRODUCT((Cronograma!H$2:H$30=$A4)*1)=0)*NOT(SUMPRODUCT((Cronograma!I$2:I$30=$A4)*(Cronograma!$B$2:$B$30=FALSE))>0))>0),(((SUMPRODUCT((Cronograma!I$2:I$30=$A4)*1)=0)*NOT(SUMPRODUCT((Cronograma!H$2:H$30=$A4)*(Cronograma!$B$2:$B$30=TRUE))>0))+((SUMPRODUCT((Cronograma!I$2:I$30=$A4)*1)=0)*NOT(SUMPRODUCT((Cronograma!J$2:J$30=$A4)*(Cronograma!$B$2:$B$30=FALSE))>0))>0),(((SUMPRODUCT((Cronograma!J$2:J$30=$A4)*1)=0)*NOT(SUMPRODUCT((Cronograma!I$2:I$30=$A4)*(Cronograma!$B$2:$B$30=TRUE))>0))+((SUMPRODUCT((Cronograma!J$2:J$30=$A4)*1)=0)*NOT(SUMPRODUCT((Cronograma!K$2:K$30=$A4)*(Cronograma!$B$2:$B$30=FALSE))>0))>0),(((SUMPRODUCT((Cronograma!K$2:K$30=$A4)*1)=0)*NOT(SUMPRODUCT((Cronograma!J$2:J$30=$A4)*(Cronograma!$B$2:$B$30=TRUE))>0))+((SUMPRODUCT((Cronograma!K$2:K$30=$A4)*1)=0)*NOT(SUMPRODUCT((Cronograma!L$2:L$30=$A4)*(Cronograma!$B$2:$B$30=FALSE))>0))>0),(((SUMPRODUCT((Cronograma!L$2:L$30=$A4)*1)=0)*NOT(SUMPRODUCT((Cronograma!K$2:K$30=$A4)*(Cronograma!$B$2:$B$30=TRUE))>0))+((SUMPRODUCT((Cronograma!L$2:L$30=$A4)*1)=0)*NOT(SUMPRODUCT((Cronograma!M$2:M$30=$A4)*(Cronograma!$B$2:$B$30=FALSE))>0))>0),(((SUMPRODUCT((Cronograma!M$2:M$30=$A4)*1)=0)*NOT(SUMPRODUCT((Cronograma!L$2:L$30=$A4)*(Cronograma!$B$2:$B$30=TRUE))>0))+((SUMPRODUCT((Cronograma!M$2:M$30=$A4)*1)=0)*NOT(SUMPRODUCT((Cronograma!N$2:N$30=$A4)*(Cronograma!$B$2:$B$30=FALSE))>0))>0),(((SUMPRODUCT((Cronograma!N$2:N$30=$A4)*1)=0)*NOT(SUMPRODUCT((Cronograma!M$2:M$30=$A4)*(Cronograma!$B$2:$B$30=TRUE))>0))+((SUMPRODUCT((Cronograma!N$2:N$30=$A4)*1)=0)*NOT(SUMPRODUCT((Cronograma!O$2:O$30=$A4)*(Cronograma!$B$2:$B$30=FALSE))>0))>0),(((SUMPRODUCT((Cronograma!O$2:O$30=$A4)*1)=0)*NOT(SUMPRODUCT((Cronograma!N$2:N$30=$A4)*(Cronograma!$B$2:$B$30=TRUE))>0))+((SUMPRODUCT((Cronograma!O$2:O$30=$A4)*1)=0)*NOT(SUMPRODUCT((Cronograma!P$2:P$30=$A4)*(Cronograma!$B$2:$B$30=FALSE))>0))>0),(((SUMPRODUCT((Cronograma!P$2:P$30=$A4)*1)=0)*NOT(SUMPRODUCT((Cronograma!O$2:O$30=$A4)*(Cronograma!$B$2:$B$30=TRUE))>0))+((SUMPRODUCT((Cronograma!P$2:P$30=$A4)*1)=0)*NOT(SUMPRODUCT((Cronograma!Q$2:Q$30=$A4)*(Cronograma!$B$2:$B$30=FALSE))>0))>0),((SUMPRODUCT((Cronograma!Q$2:Q$30=$A4)*1)=0)*NOT(SUMPRODUCT((Cronograma!P$2:P$30=$A4)*(Cronograma!$B$2:$B$30=TRUE))>0))) -> 0 | E4: {=_xlfn.XLOOKUP("Angie Castillo",Cronograma!C2:C30,Cronograma!A2:A30,"")} -> 0 | F4: {=_xlfn.XLOOKUP("Angie Castillo",Cronograma!D2:D30,Cronograma!A2:A30,"")} -> 0 | G4: {=_xlfn.XLOOKUP("Angie Castillo",Cronograma!E2:E30,Cronograma!A2:A30,"")} -> 0 | H4: {=_xlfn.XLOOKUP("Angie Castillo",Cronograma!F2:F30,Cronograma!A2:A30,"")} -> 0 | I4: {=_xlfn.XLOOKUP("Angie Castillo",Cronograma!G2:G30,Cronograma!A2:A30,"")} -> 0 | J4: {=_xlfn.XLOOKUP("Angie Castillo",Cronograma!H2:H30,Cronograma!A2:A30,"")} -> 0 | K4: {=_xlfn.XLOOKUP("Angie Castillo",Cronograma!I2:I30,Cronograma!A2:A30,"")} -> 0 | L4: {=_xlfn.XLOOKUP("Angie Castillo",Cronograma!J2:J30,Cronograma!A2:A30,"")} -> 0 | M4: {=_xlfn.XLOOKUP("Angie Castillo",Cronograma!K2:K30,Cronograma!A2:A30,"")} -> 0 | N4: {=_xlfn.XLOOKUP("Angie Castillo",Cronograma!L2:L30,Cronograma!A2:A30,"")} -> 0 | O4: {=_xlfn.XLOOKUP("Angie Castillo",Cronograma!M2:M30,Cronograma!A2:A30,"")} -> 0 | P4: {=_xlfn.XLOOKUP("Angie Castillo",Cronograma!N2:N30,Cronograma!A2:A30,"")} -> 0 | Q4: {=_xlfn.XLOOKUP("Angie Castillo",Cronograma!O2:O30,Cronograma!A2:A30,"")} -> 0 | R4: {=_xlfn.XLOOKUP("Angie Castillo",Cronograma!P2:P30,Cronograma!A2:A30,"")} -> 0 | S4: {=_xlfn.XLOOKUP("Angie Castillo",Cronograma!Q2:Q30,Cronograma!A2:A30,"")} -> 0
A5: Anyelis | B5: =SUMPRODUCT((Cronograma!B2:B30=FALSE) * (COUNTIF(E5:S5, Cronograma!A2:A30))) -> 0 | C5: =SUMPRODUCT((Cronograma!B2:B30=TRUE) * (COUNTIF(E5:S5, Cronograma!A2:A30))) -> 0 | D5: =SUM(((SUMPRODUCT((Cronograma!C$2:C$30=$A5)*1)=0)*NOT(SUMPRODUCT((Cronograma!D$2:D$30=$A5)*(Cronograma!$B$2:$B$30=FALSE))>0)),(((SUMPRODUCT((Cronograma!D$2:D$30=$A5)*1)=0)*NOT(SUMPRODUCT((Cronograma!C$2:C$30=$A5)*(Cronograma!$B$2:$B$30=TRUE))>0))+((SUMPRODUCT((Cronograma!D$2:D$30=$A5)*1)=0)*NOT(SUMPRODUCT((Cronograma!E$2:E$30=$A5)*(Cronograma!$B$2:$B$30=FALSE))>0))>0),(((SUMPRODUCT((Cronograma!E$2:E$30=$A5)*1)=0)*NOT(SUMPRODUCT((Cronograma!D$2:D$30=$A5)*(Cronograma!$B$2:$B$30=TRUE))>0))+((SUMPRODUCT((Cronograma!E$2:E$30=$A5)*1)=0)*NOT(SUMPRODUCT((Cronograma!F$2:F$30=$A5)*(Cronograma!$B$2:$B$30=FALSE))>0))>0),(((SUMPRODUCT((Cronograma!F$2:F$30=$A5)*1)=0)*NOT(SUMPRODUCT((Cronograma!E$2:E$30=$A5)*(Cronograma!$B$2:$B$30=TRUE))>0))+((SUMPRODUCT((Cronograma!F$2:F$30=$A5)*1)=0)*NOT(SUMPRODUCT((Cronograma!G$2:G$30=$A5)*(Cronograma!$B$2:$B$30=FALSE))>0))>0),(((SUMPRODUCT((Cronograma!G$2:G$30=$A5)*1)=0)*NOT(SUMPRODUCT((Cronograma!F$2:F$30=$A5)*(Cronograma!$B$2:$B$30=TRUE))>0))+((SUMPRODUCT((Cronograma!G$2:G$30=$A5)*1)=0)*NOT(SUMPRODUCT((Cronograma!H$2:H$30=$A5)*(Cronograma!$B$2:$B$30=FALSE))>0))>0),(((SUMPRODUCT((Cronograma!H$2:H$30=$A5)*1)=0)*NOT(SUMPRODUCT((Cronograma!G$2:G$30=$A5)*(Cronograma!$B$2:$B$30=TRUE))>0))+((SUMPRODUCT((Cronograma!H$2:H$30=$A5)*1)=0)*NOT(SUMPRODUCT((Cronograma!I$2:I$30=$A5)*(Cronograma!$B$2:$B$30=FALSE))>0))>0),(((SUMPRODUCT((Cronograma!I$2:I$30=$A5)*1)=0)*NOT(SUMPRODUCT((Cronograma!H$2:H$30=$A5)*(Cronograma!$B$2:$B$30=TRUE))>0))+((SUMPRODUCT((Cronograma!I$2:I$30=$A5)*1)=0)*NOT(SUMPRODUCT((Cronograma!J$2:J$30=$A5)*(Cronograma!$B$2:$B$30=FALSE))>0))>0),(((SUMPRODUCT((Cronograma!J$2:J$30=$A5)*1)=0)*NOT(SUMPRODUCT((Cronograma!I$2:I$30=$A5)*(Cronograma!$B$2:$B$30=TRUE))>0))+((SUMPRODUCT((Cronograma!J$2:J$30=$A5)*1)=0)*NOT(SUMPRODUCT((Cronograma!K$2:K$30=$A5)*(Cronograma!$B$2:$B$30=FALSE))>0))>0),(((SUMPRODUCT((Cronograma!K$2:K$30=$A5)*1)=0)*NOT(SUMPRODUCT((Cronograma!J$2:J$30=$A5)*(Cronograma!$B$2:$B$30=TRUE))>0))+((SUMPRODUCT((Cronograma!K$2:K$30=$A5)*1)=0)*NOT(SUMPRODUCT((Cronograma!L$2:L$30=$A5)*(Cronograma!$B$2:$B$30=FALSE))>0))>0),(((SUMPRODUCT((Cronograma!L$2:L$30=$A5)*1)=0)*NOT(SUMPRODUCT((Cronograma!K$2:K$30=$A5)*(Cronograma!$B$2:$B$30=TRUE))>0))+((SUMPRODUCT((Cronograma!L$2:L$30=$A5)*1)=0)*NOT(SUMPRODUCT((Cronograma!M$2:M$30=$A5)*(Cronograma!$B$2:$B$30=FALSE))>0))>0),(((SUMPRODUCT((Cronograma!M$2:M$30=$A5)*1)=0)*NOT(SUMPRODUCT((Cronograma!L$2:L$30=$A5)*(Cronograma!$B$2:$B$30=TRUE))>0))+((SUMPRODUCT((Cronograma!M$2:M$30=$A5)*1)=0)*NOT(SUMPRODUCT((Cronograma!N$2:N$30=$A5)*(Cronograma!$B$2:$B$30=FALSE))>0))>0),(((SUMPRODUCT((Cronograma!N$2:N$30=$A5)*1)=0)*NOT(SUMPRODUCT((Cronograma!M$2:M$30=$A5)*(Cronograma!$B$2:$B$30=TRUE))>0))+((SUMPRODUCT((Cronograma!N$2:N$30=$A5)*1)=0)*NOT(SUMPRODUCT((Cronograma!O$2:O$30=$A5)*(Cronograma!$B$2:$B$30=FALSE))>0))>0),(((SUMPRODUCT((Cronograma!O$2:O$30=$A5)*1)=0)*NOT(SUMPRODUCT((Cronograma!N$2:N$30=$A5)*(Cronograma!$B$2:$B$30=TRUE))>0))+((SUMPRODUCT((Cronograma!O$2:O$30=$A5)*1)=0)*NOT(SUMPRODUCT((Cronograma!P$2:P$30=$A5)*(Cronograma!$B$2:$B$30=FALSE))>0))>0),(((SUMPRODUCT((Cronograma!P$2:P$30=$A5)*1)=0)*NOT(SUMPRODUCT((Cronograma!O$2:O$30=$A5)*(Cronograma!$B$2:$B$30=TRUE))>0))+((SUMPRODUCT((Cronograma!P$2:P$30=$A5)*1)=0)*NOT(SUMPRODUCT((Cronograma!Q$2:Q$30=$A5)*(Cronograma!$B$2:$B$30=FALSE))>0))>0),((SUMPRODUCT((Cronograma!Q$2:Q$30=$A5)*1)=0)*NOT(SUMPRODUCT((Cronograma!P$2:P$30=$A5)*(Cronograma!$B$2:$B$30=TRUE))>0))) -> 0 | E5: {=_xlfn.XLOOKUP("Anyelis",Cronograma!C2:C30,Cronograma!A2:A30,"")} -> 0 | F5: {=_xlfn.XLOOKUP("Anyelis",Cronograma!D2:D30,Cronograma!A2:A30,"")} -> 0 | G5: {=_xlfn.XLOOKUP("Anyelis",Cronograma!E2:E30,Cronograma!A2:A30,"")} -> 0 | H5: {=_xlfn.XLOOKUP("Anyelis",Cronograma!F2:F30,Cronograma!A2:A30,"")} -> 0 | I5: {=_xlfn.XLOOKUP("Anyelis",Cronograma!G2:G30,Cronograma!A2:A30,"")} -> 0 | J5: {=_xlfn.XLOOKUP("Anyelis",Cronograma!H2:H30,Cronograma!A2:A30,"")} -> 0 | K5: {=_xlfn.XLOOKUP("Anyelis",Cronograma!I2:I30,Cronograma!A2:A30,"")} -> 0 | L5: {=_xlfn.XLOOKUP("Anyelis",Cronograma!J2:J30,Cronograma!A2:A30,"")} -> 0 | M5: {=_xlfn.XLOOKUP("Anyelis",Cronograma!K2:K30,Cronograma!A2:A30,"")} -> 0 | N5: {=_xlfn.XLOOKUP("Anyelis",Cronograma!L2:L30,Cronograma!A2:A30,"")} -> 0 | O5: {=_xlfn.XLOOKUP("Anyelis",Cronograma!M2:M30,Cronograma!A2:A30,"")} -> 0 | P5: {=_xlfn.XLOOKUP("Anyelis",Cronograma!N2:N30,Cronograma!A2:A30,"")} -> 0 | Q5: {=_xlfn.XLOOKUP("Anyelis",Cronograma!O2:O30,Cronograma!A2:A30,"")} -> 0 | R5: {=_xlfn.XLOOKUP("Anyelis",Cronograma!P2:P30,Cronograma!A2:A30,"")} -> 0 | S5: {=_xlfn.XLOOKUP("Anyelis",Cronograma!Q2:Q30,Cronograma!A2:A30,"")} -> 0
A6: Darcy Lorena | B6: =SUMPRODUCT((Cronograma!B2:B30=FALSE) * (COUNTIF(E6:S6, Cronograma!A2:A30))) -> 0 | C6: =SUMPRODUCT((Cronograma!B2:B30=TRUE) * (COUNTIF(E6:S6, Cronograma!A2:A30))) -> 0 | D6: =SUM(((SUMPRODUCT((Cronograma!C$2:C$30=$A6)*1)=0)*NOT(SUMPRODUCT((Cronograma!D$2:D$30=$A6)*(Cronograma!$B$2:$B$30=FALSE))>0)),(((SUMPRODUCT((Cronograma!D$2:D$30=$A6)*1)=0)*NOT(SUMPRODUCT((Cronograma!C$2:C$30=$A6)*(Cronograma!$B$2:$B$30=TRUE))>0))+((SUMPRODUCT((Cronograma!D$2:D$30=$A6)*1)=0)*NOT(SUMPRODUCT((Cronograma!E$2:E$30=$A6)*(Cronograma!$B$2:$B$30=FALSE))>0))>0),(((SUMPRODUCT((Cronograma!E$2:E$30=$A6)*1)=0)*NOT(SUMPRODUCT((Cronograma!D$2:D$30=$A6)*(Cronograma!$B$2:$B$30=TRUE))>0))+((SUMPRODUCT((Cronograma!E$2:E$30=$A6)*1)=0)*NOT(SUMPRODUCT((Cronograma!F$2:F$30=$A6)*(Cronograma!$B$2:$B$30=FALSE))>0))>0),(((SUMPRODUCT((Cronograma!F$2:F$30=$A6)*1)=0)*NOT(SUMPRODUCT((Cronograma!E$2:E$30=$A6)*(Cronograma!$B$2:$B$30=TRUE))>0))+((SUMPRODUCT((Cronograma!F$2:F$30=$A6)*1)=0)*NOT(SUMPRODUCT((Cronograma!G$2:G$30=$A6)*(Cronograma!$B$2:$B$30=FALSE))>0))>0),(((SUMPRODUCT((Cronograma!G$2:G$30=$A6)*1)=0)*NOT(SUMPRODUCT((Cronograma!F$2:F$30=$A6)*(Cronograma!$B$2:$B$30=TRUE))>0))+((SUMPRODUCT((Cronograma!G$2:G$30=$A6)*1)=0)*NOT(SUMPRODUCT((Cronograma!H$2:H$30=$A6)*(Cronograma!$B$2:$B$30=FALSE))>0))>0),(((SUMPRODUCT((Cronograma!H$2:H$30=$A6)*1)=0)*NOT(SUMPRODUCT((Cronograma!G$2:G$30=$A6)*(Cronograma!$B$2:$B$30=TRUE))>0))+((SUMPRODUCT((Cronograma!H$2:H$30=$A6)*1)=0)*NOT(SUMPRODUCT((Cronograma!I$2:I$30=$A6)*(Cronograma!$B$2:$B$30=FALSE))>0))>0),(((SUMPRODUCT((Cronograma!I$2:I$30=$A6)*1)=0)*NOT(SUMPRODUCT((Cronograma!H$2:H$30=$A6)*(Cronograma!$B$2:$B$30=TRUE))>0))+((SUMPRODUCT((Cronograma!I$2:I$30=$A6)*1)=0)*NOT(SUMPRODUCT((Cronograma!J$2:J$30=$A6)*(Cronograma!$B$2:$B$30=FALSE))>0))>0),(((SUMPRODUCT((Cronograma!J$2:J$30=$A6)*1)=0)*NOT(SUMPRODUCT((Cronograma!I$2:I$30=$A6)*(Cronograma!$B$2:$B$30=TRUE))>0))+((SUMPRODUCT((Cronograma!J$2:J$30=$A6)*1)=0)*NOT(SUMPRODUCT((Cronograma!K$2:K$30=$A6)*(Cronograma!$B$2:$B$30=FALSE))>0))>0),(((SUMPRODUCT((Cronograma!K$2:K$30=$A6)*1)=0)*NOT(SUMPRODUCT((Cronograma!J$2:J$30=$A6)*(Cronograma!$B$2:$B$30=TRUE))>0))+((SUMPRODUCT((Cronograma!K$2:K$30=$A6)*1)=0)*NOT(SUMPRODUCT((Cronograma!L$2:L$30=$A6)*(Cronograma!$B$2:$B$30=FALSE))>0))>0),(((SUMPRODUCT((Cronograma!L$2:L$30=$A6)*1)=0)*NOT(SUMPRODUCT((Cronograma!K$2:K$30=$A6)*(Cronograma!$B$2:$B$30=TRUE))>0))+((SUMPRODUCT((Cronograma!L$2:L$30=$A6)*1)=0)*NOT(SUMPRODUCT((Cronograma!M$2:M$30=$A6)*(Cronograma!$B$2:$B$30=FALSE))>0))>0),(((SUMPRODUCT((Cronograma!M$2:M$30=$A6)*1)=0)*NOT(SUMPRODUCT((Cronograma!L$2:L$30=$A6)*(Cronograma!$B$2:$B$30=TRUE))>0))+((SUMPRODUCT((Cronograma!M$2:M$30=$A6)*1)=0)*NOT(SUMPRODUCT((Cronograma!N$2:N$30=$A6)*(Cronograma!$B$2:$B$30=FALSE))>0))>0),(((SUMPRODUCT((Cronograma!N$2:N$30=$A6)*1)=0)*NOT(SUMPRODUCT((Cronograma!M$2:M$30=$A6)*(Cronograma!$B$2:$B$30=TRUE))>0))+((SUMPRODUCT((Cronograma!N$2:N$30=$A6)*1)=0)*NOT(SUMPRODUCT((Cronograma!O$2:O$30=$A6)*(Cronograma!$B$2:$B$30=FALSE))>0))>0),(((SUMPRODUCT((Cronograma!O$2:O$30=$A6)*1)=0)*NOT(SUMPRODUCT((Cronograma!N$2:N$30=$A6)*(Cronograma!$B$2:$B$30=TRUE))>0))+((SUMPRODUCT((Cronograma!O$2:O$30=$A6)*1)=0)*NOT(SUMPRODUCT((Cronograma!P$2:P$30=$A6)*(Cronograma!$B$2:$B$30=FALSE))>0))>0),(((SUMPRODUCT((Cronograma!P$2:P$30=$A6)*1)=0)*NOT(SUMPRODUCT((Cronograma!O$2:O$30=$A6)*(Cronograma!$B$2:$B$30=TRUE))>0))+((SUMPRODUCT((Cronograma!P$2:P$30=$A6)*1)=0)*NOT(SUMPRODUCT((Cronograma!Q$2:Q$30=$A6)*(Cronograma!$B$2:$B$30=FALSE))>0))>0),((SUMPRODUCT((Cronograma!Q$2:Q$30=$A6)*1)=0)*NOT(SUMPRODUCT((Cronograma!P$2:P$30=$A6)*(Cronograma!$B$2:$B$30=TRUE))>0))) -> 0 | E6: {=_xlfn.XLOOKUP("Darcy Lorena",Cronograma!C2:C30,Cronograma!A2:A30,"")} -> 0 | F6: {=_xlfn.XLOOKUP("Darcy Lorena",Cronograma!D2:D30,Cronograma!A2:A30,"")} -> 0 | G6: {=_xlfn.XLOOKUP("Darcy Lorena",Cronograma!E2:E30,Cronograma!A2:A30,"")} -> 0 | H6: {=_xlfn.XLOOKUP("Darcy Lorena",Cronograma!F2:F30,Cronograma!A2:A30,"")} -> 0 | I6: {=_xlfn.XLOOKUP("Darcy Lorena",Cronograma!G2:G30,Cronograma!A2:A30,"")} -> 0 | J6: {=_xlfn.XLOOKUP("Darcy Lorena",Cronograma!H2:H30,Cronograma!A2:A30,"")} -> 0 | K6: {=_xlfn.XLOOKUP("Darcy Lorena",Cronograma!I2:I30,Cronograma!A2:A30,"")} -> 0 | L6: {=_xlfn.XLOOKUP("Darcy Lorena",Cronograma!J2:J30,Cronograma!A2:A30,"")} -> 0 | M6: {=_xlfn.XLOOKUP("Darcy Lorena",Cronograma!K2:K30,Cronograma!A2:A30,"")} -> 0 | N6: {=_xlfn.XLOOKUP("Darcy Lorena",Cronograma!L2:L30,Cronograma!A2:A30,"")} -> 0 | O6: {=_xlfn.XLOOKUP("Darcy Lorena",Cronograma!M2:M30,Cronograma!A2:A30,"")} -> 0 | P6: {=_xlfn.XLOOKUP("Darcy Lorena",Cronograma!N2:N30,Cronograma!A2:A30,"")} -> 0 | Q6: {=_xlfn.XLOOKUP("Darcy Lorena",Cronograma!O2:O30,Cronograma!A2:A30,"")} -> 0 | R6: {=_xlfn.XLOOKUP("Darcy Lorena",Cronograma!P2:P30,Cronograma!A2:A30,"")} -> 0 | S6: {=_xlfn.XLOOKUP("Darcy Lorena",Cronograma!Q2:Q30,Cronograma!A2:A30,"")} -> 0
A7: Diana Carolina Molina | B7: =SUMPRODUCT((Cronograma!B2:B30=FALSE) * (COUNTIF(E7:S7, Cronograma!A2:A30))) -> 0 | C7: =SUMPRODUCT((Cronograma!B2:B30=TRUE) * (COUNTIF(E7:S7, Cronograma!A2:A30))) -> 0 | D7: =SUM(((SUMPRODUCT((Cronograma!C$2:C$30=$A7)*1)=0)*NOT(SUMPRODUCT((Cronograma!D$2:D$30=$A7)*(Cronograma!$B$2:$B$30=FALSE))>0)),(((SUMPRODUCT((Cronograma!D$2:D$30=$A7)*1)=0)*NOT(SUMPRODUCT((Cronograma!C$2:C$30=$A7)*(Cronograma!$B$2:$B$30=TRUE))>0))+((SUMPRODUCT((Cronograma!D$2:D$30=$A7)*1)=0)*NOT(SUMPRODUCT((Cronograma!E$2:E$30=$A7)*(Cronograma!$B$2:$B$30=FALSE))>0))>0),(((SUMPRODUCT((Cronograma!E$2:E$30=$A7)*1)=0)*NOT(SUMPRODUCT((Cronograma!D$2:D$30=$A7)*(Cronograma!$B$2:$B$30=TRUE))>0))+((SUMPRODUCT((Cronograma!E$2:E$30=$A7)*1)=0)*NOT(SUMPRODUCT((Cronograma!F$2:F$30=$A7)*(Cronograma!$B$2:$B$30=FALSE))>0))>0),(((SUMPRODUCT((Cronograma!F$2:F$30=$A7)*1)=0)*NOT(SUMPRODUCT((Cronograma!E$2:E$30=$A7)*(Cronograma!$B$2:$B$30=TRUE))>0))+((SUMPRODUCT((Cronograma!F$2:F$30=$A7)*1)=0)*NOT(SUMPRODUCT((Cronograma!G$2:G$30=$A7)*(Cronograma!$B$2:$B$30=FALSE))>0))>0),(((SUMPRODUCT((Cronograma!G$2:G$30=$A7)*1)=0)*NOT(SUMPRODUCT((Cronograma!F$2:F$30=$A7)*(Cronograma!$B$2:$B$30=TRUE))>0))+((SUMPRODUCT((Cronograma!G$2:G$30=$A7)*1)=0)*NOT(SUMPRODUCT((Cronograma!H$2:H$30=$A7)*(Cronograma!$B$2:$B$30=FALSE))>0))>0),(((SUMPRODUCT((Cronograma!H$2:H$30=$A7)*1)=0)*NOT(SUMPRODUCT((Cronograma!G$2:G$30=$A7)*(Cronograma!$B$2:$B$30=TRUE))>0))+((SUMPRODUCT((Cronograma!H$2:H$30=$A7)*1)=0)*NOT(SUMPRODUCT((Cronograma!I$2:I$30=$A7)*(Cronograma!$B$2:$B$30=FALSE))>0))>0),(((SUMPRODUCT((Cronograma!I$2:I$30=$A7)*1)=0)*NOT(SUMPRODUCT((Cronograma!H$2:H$30=$A7)*(Cronograma!$B$2:$B$30=TRUE))>0))+((SUMPRODUCT((Cronograma!I$2:I$30=$A7)*1)=0)*NOT(SUMPRODUCT((Cronograma!J$2:J$30=$A7)*(Cronograma!$B$2:$B$30=FALSE))>0))>0),(((SUMPRODUCT((Cronograma!J$2:J$30=$A7)*1)=0)*NOT(SUMPRODUCT((Cronograma!I$2:I$30=$A7)*(Cronograma!$B$2:$B$30=TRUE))>0))+((SUMPRODUCT((Cronograma!J$2:J$30=$A7)*1)=0)*NOT(SUMPRODUCT((Cronograma!K$2:K$30=$A7)*(Cronograma!$B$2:$B$30=FALSE))>0))>0),(((SUMPRODUCT((Cronograma!K$2:K$30=$A7)*1)=0)*NOT(SUMPRODUCT((Cronograma!J$2:J$30=$A7)*(Cronograma!$B$2:$B$30=TRUE))>0))+((SUMPRODUCT((Cronograma!K$2:K$30=$A7)*1)=0)*NOT(SUMPRODUCT((Cronograma!L$2:L$30=$A7)*(Cronograma!$B$2:$B$30=FALSE))>0))>0),(((SUMPRODUCT((Cronograma!L$2:L$30=$A7)*1)=0)*NOT(SUMPRODUCT((Cronograma!K$2:K$30=$A7)*(Cronograma!$B$2:$B$30=TRUE))>0))+((SUMPRODUCT((Cronograma!L$2:L$30=$A7)*1)=0)*NOT(SUMPRODUCT((Cronograma!M$2:M$30=$A7)*(Cronograma!$B$2:$B$30=FALSE))>0))>0),(((SUMPRODUCT((Cronograma!M$2:M$30=$A7)*1)=0)*NOT(SUMPRODUCT((Cronograma!L$2:L$30=$A7)*(Cronograma!$B$2:$B$30=TRUE))>0))+((SUMPRODUCT((Cronograma!M$2:M$30=$A7)*1)=0)*NOT(SUMPRODUCT((Cronograma!N$2:N$30=$A7)*(Cronograma!$B$2:$B$30=FALSE))>0))>0),(((SUMPRODUCT((Cronograma!N$2:N$30=$A7)*1)=0)*NOT(SUMPRODUCT((Cronograma!M$2:M$30=$A7)*(Cronograma!$B$2:$B$30=TRUE))>0))+((SUMPRODUCT((Cronograma!N$2:N$30=$A7)*1)=0)*NOT(SUMPRODUCT((Cronograma!O$2:O$30=$A7)*(Cronograma!$B$2:$B$30=FALSE))>0))>0),(((SUMPRODUCT((Cronograma!O$2:O$30=$A7)*1)=0)*NOT(SUMPRODUCT((Cronograma!N$2:N$30=$A7)*(Cronograma!$B$2:$B$30=TRUE))>0))+((SUMPRODUCT((Cronograma!O$2:O$30=$A7)*1)=0)*NOT(SUMPRODUCT((Cronograma!P$2:P$30=$A7)*(Cronograma!$B$2:$B$30=FALSE))>0))>0),(((SUMPRODUCT((Cronograma!P$2:P$30=$A7)*1)=0)*NOT(SUMPRODUCT((Cronograma!O$2:O$30=$A7)*(Cronograma!$B$2:$B$30=TRUE))>0))+((SUMPRODUCT((Cronograma!P$2:P$30=$A7)*1)=0)*NOT(SUMPRODUCT((Cronograma!Q$2:Q$30=$A7)*(Cronograma!$B$2:$B$30=FALSE))>0))>0),((SUMPRODUCT((Cronograma!Q$2:Q$30=$A7)*1)=0)*NOT(SUMPRODUCT((Cronograma!P$2:P$30=$A7)*(Cronograma!$B$2:$B$30=TRUE))>0))) -> 0 | E7: {=_xlfn.XLOOKUP("Diana Carolina Molina",Cronograma!C2:C30,Cronograma!A2:A30,"")} -> 0 | F7: {=_xlfn.XLOOKUP("Diana Carolina Molina",Cronograma!D2:D30,Cronograma!A2:A30,"")} -> 0 | G7: {=_xlfn.XLOOKUP("Diana Carolina Molina",Cronograma!E2:E30,Cronograma!A2:A30,"")} -> 0 | H7: {=_xlfn.XLOOKUP("Diana Carolina Molina",Cronograma!F2:F30,Cronograma!A2:A30,"")} -> 0 | I7: {=_xlfn.XLOOKUP("Diana Carolina Molina",Cronograma!G2:G30,Cronograma!A2:A30,"")} -> 0 | J7: {=_xlfn.XLOOKUP("Diana Carolina Molina",Cronograma!H2:H30,Cronograma!A2:A30,"")} -> 0 | K7: {=_xlfn.XLOOKUP("Diana Carolina Molina",Cronograma!I2:I30,Cronograma!A2:A30,"")} -> 0 | L7: {=_xlfn.XLOOKUP("Diana Carolina Molina",Cronograma!J2:J30,Cronograma!A2:A30,"")} -> 0 | M7: {=_xlfn.XLOOKUP("Diana Carolina Molina",Cronograma!K2:K30,Cronograma!A2:A30,"")} -> 0 | N7: {=_xlfn.XLOOKUP("Diana Carolina Molina",Cronograma!L2:L30,Cronograma!A2:A30,"")} -> 0 | O7: {=_xlfn.XLOOKUP("Diana Carolina Molina",Cronograma!M2:M30,Cronograma!A2:A30,"")} -> 0 | P7: {=_xlfn.XLOOKUP("Diana Carolina Molina",Cronograma!N2:N30,Cronograma!A2:A30,"")} -> 0 | Q7: {=_xlfn.XLOOKUP("Diana Carolina Molina",Cronograma!O2:O30,Cronograma!A2:A30,"")} -> 0 | R7: {=_xlfn.XLOOKUP("Diana Carolina Molina",Cronograma!P2:P30,Cronograma!A2:A30,"")} -> 0 | S7: {=_xlfn.XLOOKUP("Diana Carolina Molina",Cronograma!Q2:Q30,Cronograma!A2:A30,"")} -> 0
A8: Efigenia | B8: =SUMPRODUCT((Cronograma!B2:B30=FALSE) * (COUNTIF(E8:S8, Cronograma!A2:A30))) -> 0 | C8: =SUMPRODUCT((Cronograma!B2:B30=TRUE) * (COUNTIF(E8:S8, Cronograma!A2:A30))) -> 0 | D8: =SUM(((SUMPRODUCT((Cronograma!C$2:C$30=$A8)*1)=0)*NOT(SUMPRODUCT((Cronograma!D$2:D$30=$A8)*(Cronograma!$B$2:$B$30=FALSE))>0)),(((SUMPRODUCT((Cronograma!D$2:D$30=$A8)*1)=0)*NOT(SUMPRODUCT((Cronograma!C$2:C$30=$A8)*(Cronograma!$B$2:$B$30=TRUE))>0))+((SUMPRODUCT((Cronograma!D$2:D$30=$A8)*1)=0)*NOT(SUMPRODUCT((Cronograma!E$2:E$30=$A8)*(Cronograma!$B$2:$B$30=FALSE))>0))>0),(((SUMPRODUCT((Cronograma!E$2:E$30=$A8)*1)=0)*NOT(SUMPRODUCT((Cronograma!D$2:D$30=$A8)*(Cronograma!$B$2:$B$30=TRUE))>0))+((SUMPRODUCT((Cronograma!E$2:E$30=$A8)*1)=0)*NOT(SUMPRODUCT((Cronograma!F$2:F$30=$A8)*(Cronograma!$B$2:$B$30=FALSE))>0))>0),(((SUMPRODUCT((Cronograma!F$2:F$30=$A8)*1)=0)*NOT(SUMPRODUCT((Cronograma!E$2:E$30=$A8)*(Cronograma!$B$2:$B$30=TRUE))>0))+((SUMPRODUCT((Cronograma!F$2:F$30=$A8)*1)=0)*NOT(SUMPRODUCT((Cronograma!G$2:G$30=$A8)*(Cronograma!$B$2:$B$30=FALSE))>0))>0),(((SUMPRODUCT((Cronograma!G$2:G$30=$A8)*1)=0)*NOT(SUMPRODUCT((Cronograma!F$2:F$30=$A8)*(Cronograma!$B$2:$B$30=TRUE))>0))+((SUMPRODUCT((Cronograma!G$2:G$30=$A8)*1)=0)*NOT(SUMPRODUCT((Cronograma!H$2:H$30=$A8)*(Cronograma!$B$2:$B$30=FALSE))>0))>0),(((SUMPRODUCT((Cronograma!H$2:H$30=$A8)*1)=0)*NOT(SUMPRODUCT((Cronograma!G$2:G$30=$A8)*(Cronograma!$B$2:$B$30=TRUE))>0))+((SUMPRODUCT((Cronograma!H$2:H$30=$A8)*1)=0)*NOT(SUMPRODUCT((Cronograma!I$2:I$30=$A8)*(Cronograma!$B$2:$B$30=FALSE))>0))>0),(((SUMPRODUCT((Cronograma!I$2:I$30=$A8)*1)=0)*NOT(SUMPRODUCT((Cronograma!H$2:H$30=$A8)*(Cronograma!$B$2:$B$30=TRUE))>0))+((SUMPRODUCT((Cronograma!I$2:I$30=$A8)*1)=0)*NOT(SUMPRODUCT((Cronograma!J$2:J$30=$A8)*(Cronograma!$B$2:$B$30=FALSE))>0))>0),(((SUMPRODUCT((Cronograma!J$2:J$30=$A8)*1)=0)*NOT(SUMPRODUCT((Cronograma!I$2:I$30=$A8)*(Cronograma!$B$2:$B$30=TRUE))>0))+((SUMPRODUCT((Cronograma!J$2:J$30=$A8)*1)=0)*NOT(SUMPRODUCT((Cronograma!K$2:K$30=$A8)*(Cronograma!$B$2:$B$30=FALSE))>0))>0),(((SUMPRODUCT((Cronograma!K$2:K$30=$A8)*1)=0)*NOT(SUMPRODUCT((Cronograma!J$2:J$30=$A8)*(Cronograma!$B$2:$B$30=TRUE))>0))+((SUMPRODUCT((Cronograma!K$2:K$30=$A8)*1)=0)*NOT(SUMPRODUCT((Cronograma!L$2:L$30=$A8)*(Cronograma!$B$2:$B$30=FALSE))>0))>0),(((SUMPRODUCT((Cronograma!L$2:L$30=$A8)*1)=0)*NOT(SUMPRODUCT((Cronograma!K$2:K$30=$A8)*(Cronograma!$B$2:$B$30=TRUE))>0))+((SUMPRODUCT((Cronograma!L$2:L$30=$A8)*1)=0)*NOT(SUMPRODUCT((Cronograma!M$2:M$30=$A8)*(Cronograma!$B$2:$B$30=FALSE))>0))>0),(((SUMPRODUCT((Cronograma!M$2:M$30=$A8)*1)=0)*NOT(SUMPRODUCT((Cronograma!L$2:L$30=$A8)*(Cronograma!$B$2:$B$30=TRUE))>0))+((SUMPRODUCT((Cronograma!M$2:M$30=$A8)*1)=0)*NOT(SUMPRODUCT((Cronograma!N$2:N$30=$A8)*(Cronograma!$B$2:$B$30=FALSE))>0))>0),(((SUMPRODUCT((Cronograma!N$2:N$30=$A8)*1)=0)*NOT(SUMPRODUCT((Cronograma!M$2:M$30=$A8)*(Cronograma!$B$2:$B$30=TRUE))>0))+((SUMPRODUCT((Cronograma!N$2:N$30=$A8)*1)=0)*NOT(SUMPRODUCT((Cronograma!O$2:O$30=$A8)*(Cronograma!$B$2:$B$30=FALSE))>0))>0),(((SUMPRODUCT((Cronograma!O$2:O$30=$A8)*1)=0)*NOT(SUMPRODUCT((Cronograma!N$2:N$30=$A8)*(Cronograma!$B$2:$B$30=TRUE))>0))+((SUMPRODUCT((Cronograma!O$2:O$30=$A8)*1)=0)*NOT(SUMPRODUCT((Cronograma!P$2:P$30=$A8)*(Cronograma!$B$2:$B$30=FALSE))>0))>0),(((SUMPRODUCT((Cronograma!P$2:P$30=$A8)*1)=0)*NOT(SUMPRODUCT((Cronograma!O$2:O$30=$A8)*(Cronograma!$B$2:$B$30=TRUE))>0))+((SUMPRODUCT((Cronograma!P$2:P$30=$A8)*1)=0)*NOT(SUMPRODUCT((Cronograma!Q$2:Q$30=$A8)*(Cronograma!$B$2:$B$30=FALSE))>0))>0),((SUMPRODUCT((Cronograma!Q$2:Q$30=$A8)*1)=0)*NOT(SUMPRODUCT((Cronograma!P$2:P$30=$A8)*(Cronograma!$B$2:$B$30=TRUE))>0))) -> 0 | E8: {=_xlfn.XLOOKUP("Efigenia",Cronograma!C2:C30,Cronograma!A2:A30,"")} -> 0 | F8: {=_xlfn.XLOOKUP("Efigenia",Cronograma!D2:D30,Cronograma!A2:A30,"")} -> 0 | G8: {=_xlfn.XLOOKUP("Efigenia",Cronograma!E2:E30,Cronograma!A2:A30,"")} -> 0 | H8: {=_xlfn.XLOOKUP("Efigenia",Cronograma!F2:F30,Cronograma!A2:A30,"")} -> 0 | I8: {=_xlfn.XLOOKUP("Efigenia",Cronograma!G2:G30,Cronograma!A2:A30,"")} -> 0 | J8: {=_xlfn.XLOOKUP("Efigenia",Cronograma!H2:H30,Cronograma!A2:A30,"")} -> 0 | K8: {=_xlfn.XLOOKUP("Efigenia",Cronograma!I2:I30,Cronograma!A2:A30,"")} -> 0 | L8: {=_xlfn.XLOOKUP("Efigenia",Cronograma!J2:J30,Cronograma!A2:A30,"")} -> 0 | M8: {=_xlfn.XLOOKUP("Efigenia",Cronograma!K2:K30,Cronograma!A2:A30,"")} -> 0 | N8: {=_xlfn.XLOOKUP("Efigenia",Cronograma!L2:L30,Cronograma!A2:A30,"")} -> 0 | O8: {=_xlfn.XLOOKUP("Efigenia",Cronograma!M2:M30,Cronograma!A2:A30,"")} -> 0 | P8: {=_xlfn.XLOOKUP("Efigenia",Cronograma!N2:N30,Cronograma!A2:A30,"")} -> 0 | Q8: {=_xlfn.XLOOKUP("Efigenia",Cronograma!O2:O30,Cronograma!A2:A30,"")} -> 0 | R8: {=_xlfn.XLOOKUP("Efigenia",Cronograma!P2:P30,Cronograma!A2:A30,"")} -> 0 | S8: {=_xlfn.XLOOKUP("Efigenia",Cronograma!Q2:Q30,Cronograma!A2:A30,"")} -> 0
A9: Elisa Parra | B9: =SUMPRODUCT((Cronograma!B2:B30=FALSE) * (COUNTIF(E9:S9, Cronograma!A2:A30))) -> 0 | C9: =SUMPRODUCT((Cronograma!B2:B30=TRUE) * (COUNTIF(E9:S9, Cronograma!A2:A30))) -> 0 | D9: =SUM(((SUMPRODUCT((Cronograma!C$2:C$30=$A9)*1)=0)*NOT(SUMPRODUCT((Cronograma!D$2:D$30=$A9)*(Cronograma!$B$2:$B$30=FALSE))>0)),(((SUMPRODUCT((Cronograma!D$2:D$30=$A9)*1)=0)*NOT(SUMPRODUCT((Cronograma!C$2:C$30=$A9)*(Cronograma!$B$2:$B$30=TRUE))>0))+((SUMPRODUCT((Cronograma!D$2:D$30=$A9)*1)=0)*NOT(SUMPRODUCT((Cronograma!E$2:E$30=$A9)*(Cronograma!$B$2:$B$30=FALSE))>0))>0),(((SUMPRODUCT((Cronograma!E$2:E$30=$A9)*1)=0)*NOT(SUMPRODUCT((Cronograma!D$2:D$30=$A9)*(Cronograma!$B$2:$B$30=TRUE))>0))+((SUMPRODUCT((Cronograma!E$2:E$30=$A9)*1)=0)*NOT(SUMPRODUCT((Cronograma!F$2:F$30=$A9)*(Cronograma!$B$2:$B$30=FALSE))>0))>0),(((SUMPRODUCT((Cronograma!F$2:F$30=$A9)*1)=0)*NOT(SUMPRODUCT((Cronograma!E$2:E$30=$A9)*(Cronograma!$B$2:$B$30=TRUE))>0))+((SUMPRODUCT((Cronograma!F$2:F$30=$A9)*1)=0)*NOT(SUMPRODUCT((Cronograma!G$2:G$30=$A9)*(Cronograma!$B$2:$B$30=FALSE))>0))>0),(((SUMPRODUCT((Cronograma!G$2:G$30=$A9)*1)=0)*NOT(SUMPRODUCT((Cronograma!F$2:F$30=$A9)*(Cronograma!$B$2:$B$30=TRUE))>0))+((SUMPRODUCT((Cronograma!G$2:G$30=$A9)*1)=0)*NOT(SUMPRODUCT((Cronograma!H$2:H$30=$A9)*(Cronograma!$B$2:$B$30=FALSE))>0))>0),(((SUMPRODUCT((Cronograma!H$2:H$30=$A9)*1)=0)*NOT(SUMPRODUCT((Cronograma!G$2:G$30=$A9)*(Cronograma!$B$2:$B$30=TRUE))>0))+((SUMPRODUCT((Cronograma!H$2:H$30=$A9)*1)=0)*NOT(SUMPRODUCT((Cronograma!I$2:I$30=$A9)*(Cronograma!$B$2:$B$30=FALSE))>0))>0),(((SUMPRODUCT((Cronograma!I$2:I$30=$A9)*1)=0)*NOT(SUMPRODUCT((Cronograma!H$2:H$30=$A9)*(Cronograma!$B$2:$B$30=TRUE))>0))+((SUMPRODUCT((Cronograma!I$2:I$30=$A9)*1)=0)*NOT(SUMPRODUCT((Cronograma!J$2:J$30=$A9)*(Cronograma!$B$2:$B$30=FALSE))>0))>0),(((SUMPRODUCT((Cronograma!J$2:J$30=$A9)*1)=0)*NOT(SUMPRODUCT((Cronograma!I$2:I$30=$A9)*(Cronograma!$B$2:$B$30=TRUE))>0))+((SUMPRODUCT((Cronograma!J$2:J$30=$A9)*1)=0)*NOT(SUMPRODUCT((Cronograma!K$2:K$30=$A9)*(Cronograma!$B$2:$B$30=FALSE))>0))>0),(((SUMPRODUCT((Cronograma!K$2:K$30=$A9)*1)=0)*NOT(SUMPRODUCT((Cronograma!J$2:J$30=$A9)*(Cronograma!$B$2:$B$30=TRUE))>0))+((SUMPRODUCT((Cronograma!K$2:K$30=$A9)*1)=0)*NOT(SUMPRODUCT((Cronograma!L$2:L$30=$A9)*(Cronograma!$B$2:$B$30=FALSE))>0))>0),(((SUMPRODUCT((Cronograma!L$2:L$30=$A9)*1)=0)*NOT(SUMPRODUCT((Cronograma!K$2:K$30=$A9)*(Cronograma!$B$2:$B$30=TRUE))>0))+((SUMPRODUCT((Cronograma!L$2:L$30=$A9)*1)=0)*NOT(SUMPRODUCT((Cronograma!M$2:M$30=$A9)*(Cronograma!$B$2:$B$30=FALSE))>0))>0),(((SUMPRODUCT((Cronograma!M$2:M$30=$A9)*1)=0)*NOT(SUMPRODUCT((Cronograma!L$2:L$30=$A9)*(Cronograma!$B$2:$B$30=TRUE))>0))+((SUMPRODUCT((Cronograma!M$2:M$30=$A9)*1)=0)*NOT(SUMPRODUCT((Cronograma!N$2:N$30=$A9)*(Cronograma!$B$2:$B$30=FALSE))>0))>0),(((SUMPRODUCT((Cronograma!N$2:N$30=$A9)*1)=0)*NOT(SUMPRODUCT((Cronograma!M$2:M$30=$A9)*(Cronograma!$B$2:$B$30=TRUE))>0))+((SUMPRODUCT((Cronograma!N$2:N$30=$A9)*1)=0)*NOT(SUMPRODUCT((Cronograma!O$2:O$30=$A9)*(Cronograma!$B$2:$B$30=FALSE))>0))>0),(((SUMPRODUCT((Cronograma!O$2:O$30=$A9)*1)=0)*NOT(SUMPRODUCT((Cronograma!N$2:N$30=$A9)*(Cronograma!$B$2:$B$30=TRUE))>0))+((SUMPRODUCT((Cronograma!O$2:O$30=$A9)*1)=0)*NOT(SUMPRODUCT((Cronograma!P$2:P$30=$A9)*(Cronograma!$B$2:$B$30=FALSE))>0))>0),(((SUMPRODUCT((Cronograma!P$2:P$30=$A9)*1)=0)*NOT(SUMPRODUCT((Cronograma!O$2:O$30=$A9)*(Cronograma!$B$2:$B$30=TRUE))>0))+((SUMPRODUCT((Cronograma!P$2:P$30=$A9)*1)=0)*NOT(SUMPRODUCT((Cronograma!Q$2:Q$30=$A9)*(Cronograma!$B$2:$B$30=FALSE))>0))>0),((SUMPRODUCT((Cronograma!Q$2:Q$30=$A9)*1)=0)*NOT(SUMPRODUCT((Cronograma!P$2:P$30=$A9)*(Cronograma!$B$2:$B$30=TRUE))>0))) -> 0 | E9: {=_xlfn.XLOOKUP("Elisa Parra",Cronograma!C2:C30,Cronograma!A2:A30,"")} -> 0 | F9: {=_xlfn.XLOOKUP("Elisa Parra",Cronograma!D2:D30,Cronograma!A2:A30,"")} -> 0 | G9: {=_xlfn.XLOOKUP("Elisa Parra",Cronograma!E2:E30,Cronograma!A2:A30,"")} -> 0 | H9: {=_xlfn.XLOOKUP("Elisa Parra",Cronograma!F2:F30,Cronograma!A2:A30,"")} -> 0 | I9: {=_xlfn.XLOOKUP("Elisa Parra",Cronograma!G2:G30,Cronograma!A2:A30,"")} -> 0 | J9: {=_xlfn.XLOOKUP("Elisa Parra",Cronograma!H2:H30,Cronograma!A2:A30,"")} -> 0 | K9: {=_xlfn.XLOOKUP("Elisa Parra",Cronograma!I2:I30,Cronograma!A2:A30,"")} -> 0 | L9: {=_xlfn.XLOOKUP("Elisa Parra",Cronograma!J2:J30,Cronograma!A2:A30,"")} -> 0 | M9: {=_xlfn.XLOOKUP("Elisa Parra",Cronograma!K2:K30,Cronograma!A2:A30,"")} -> 0 | N9: {=_xlfn.XLOOKUP("Elisa Parra",Cronograma!L2:L30,Cronograma!A2:A30,"")} -> 0 | O9: {=_xlfn.XLOOKUP("Elisa Parra",Cronograma!M2:M30,Cronograma!A2:A30,"")} -> 0 | P9: {=_xlfn.XLOOKUP("Elisa Parra",Cronograma!N2:N30,Cronograma!A2:A30,"")} -> 0 | Q9: {=_xlfn.XLOOKUP("Elisa Parra",Cronograma!O2:O30,Cronograma!A2:A30,"")} -> 0 | R9: {=_xlfn.XLOOKUP("Elisa Parra",Cronograma!P2:P30,Cronograma!A2:A30,"")} -> 0 | S9: {=_xlfn.XLOOKUP("Elisa Parra",Cronograma!Q2:Q30,Cronograma!A2:A30,"")} -> 0
A10: German Avila | B10: =SUMPRODUCT((Cronograma!B2:B30=FALSE) * (COUNTIF(E10:S10, Cronograma!A2:A30))) -> 0 | C10: =SUMPRODUCT((Cronograma!B2:B30=TRUE) * (COUNTIF(E10:S10, Cronograma!A2:A30))) -> 0 | D10: =SUM(((SUMPRODUCT((Cronograma!C$2:C$30=$A10)*1)=0)*NOT(SUMPRODUCT((Cronograma!D$2:D$30=$A10)*(Cronograma!$B$2:$B$30=FALSE))>0)),(((SUMPRODUCT((Cronograma!D$2:D$30=$A10)*1)=0)*NOT(SUMPRODUCT((Cronograma!C$2:C$30=$A10)*(Cronograma!$B$2:$B$30=TRUE))>0))+((SUMPRODUCT((Cronograma!D$2:D$30=$A10)*1)=0)*NOT(SUMPRODUCT((Cronograma!E$2:E$30=$A10)*(Cronograma!$B$2:$B$30=FALSE))>0))>0),(((SUMPRODUCT((Cronograma!E$2:E$30=$A10)*1)=0)*NOT(SUMPRODUCT((Cronograma!D$2:D$30=$A10)*(Cronograma!$B$2:$B$30=TRUE))>0))+((SUMPRODUCT((Cronograma!E$2:E$30=$A10)*1)=0)*NOT(SUMPRODUCT((Cronograma!F$2:F$30=$A10)*(Cronograma!$B$2:$B$30=FALSE))>0))>0),(((SUMPRODUCT((Cronograma!F$2:F$30=$A10)*1)=0)*NOT(SUMPRODUCT((Cronograma!E$2:E$30=$A10)*(Cronograma!$B$2:$B$30=TRUE))>0))+((SUMPRODUCT((Cronograma!F$2:F$30=$A10)*1)=0)*NOT(SUMPRODUCT((Cronograma!G$2:G$30=$A10)*(Cronograma!$B$2:$B$30=FALSE))>0))>0),(((SUMPRODUCT((Cronograma!G$2:G$30=$A10)*1)=0)*NOT(SUMPRODUCT((Cronograma!F$2:F$30=$A10)*(Cronograma!$B$2:$B$30=TRUE))>0))+((SUMPRODUCT((Cronograma!G$2:G$30=$A10)*1)=0)*NOT(SUMPRODUCT((Cronograma!H$2:H$30=$A10)*(Cronograma!$B$2:$B$30=FALSE))>0))>0),(((SUMPRODUCT((Cronograma!H$2:H$30=$A10)*1)=0)*NOT(SUMPRODUCT((Cronograma!G$2:G$30=$A10)*(Cronograma!$B$2:$B$30=TRUE))>0))+((SUMPRODUCT((Cronograma!H$2:H$30=$A10)*1)=0)*NOT(SUMPRODUCT((Cronograma!I$2:I$30=$A10)*(Cronograma!$B$2:$B$30=FALSE))>0))>0),(((SUMPRODUCT((Cronograma!I$2:I$30=$A10)*1)=0)*NOT(SUMPRODUCT((Cronograma!H$2:H$30=$A10)*(Cronograma!$B$2:$B$30=TRUE))>0))+((SUMPRODUCT((Cronograma!I$2:I$30=$A10)*1)=0)*NOT(SUMPRODUCT((Cronograma!J$2:J$30=$A10)*(Cronograma!$B$2:$B$30=FALSE))>0))>0),(((SUMPRODUCT((Cronograma!J$2:J$30=$A10)*1)=0)*NOT(SUMPRODUCT((Cronograma!I$2:I$30=$A10)*(Cronograma!$B$2:$B$30=TRUE))>0))+((SUMPRODUCT((Cronograma!J$2:J$30=$A10)*1)=0)*NOT(SUMPRODUCT((Cronograma!K$2:K$30=$A10)*(Cronograma!$B$2:$B$30=FALSE))>0))>0),(((SUMPRODUCT((Cronograma!K$2:K$30=$A10)*1)=0)*NOT(SUMPRODUCT((Cronograma!J$2:J$30=$A10)*(Cronograma!$B$2:$B$30=TRUE))>0))+((SUMPRODUCT((Cronograma!K$2:K$30=$A10)*1)=0)*NOT(SUMPRODUCT((Cronograma!L$2:L$30=$A10)*(Cronograma!$B$2:$B$30=FALSE))>0))>0),(((SUMPRODUCT((Cronograma!L$2:L$30=$A10)*1)=0)*NOT(SUMPRODUCT((Cronograma!K$2:K$30=$A10)*(Cronograma!$B$2:$B$30=TRUE))>0))+((SUMPRODUCT((Cronograma!L$2:L$30=$A10)*1)=0)*NOT(SUMPRODUCT((Cronograma!M$2:M$30=$A10)*(Cronograma!$B$2:$B$30=FALSE))>0))>0),(((SUMPRODUCT((Cronograma!M$2:M$30=$A10)*1)=0)*NOT(SUMPRODUCT((Cronograma!L$2:L$30=$A10)*(Cronograma!$B$2:$B$30=TRUE))>0))+((SUMPRODUCT((Cronograma!M$2:M$30=$A10)*1)=0)*NOT(SUMPRODUCT((Cronograma!N$2:N$30=$A10)*(Cronograma!$B$2:$B$30=FALSE))>0))>0),(((SUMPRODUCT((Cronograma!N$2:N$30=$A10)*1)=0)*NOT(SUMPRODUCT((Cronograma!M$2:M$30=$A10)*(Cronograma!$B$2:$B$30=TRUE))>0))+((SUMPRODUCT((Cronograma!N$2:N$30=$A10)*1)=0)*NOT(SUMPRODUCT((Cronograma!O$2:O$30=$A10)*(Cronograma!$B$2:$B$30=FALSE))>0))>0),(((SUMPRODUCT((Cronograma!O$2:O$30=$A10)*1)=0)*NOT(SUMPRODUCT((Cronograma!N$2:N$30=$A10)*(Cronograma!$B$2:$B$30=TRUE))>0))+((SUMPRODUCT((Cronograma!O$2:O$30=$A10)*1)=0)*NOT(SUMPRODUCT((Cronograma!P$2:P$30=$A10)*(Cronograma!$B$2:$B$30=FALSE))>0))>0),(((SUMPRODUCT((Cronograma!P$2:P$30=$A10)*1)=0)*NOT(SUMPRODUCT((Cronograma!O$2:O$30=$A10)*(Cronograma!$B$2:$B$30=TRUE))>0))+((SUMPRODUCT((Cronograma!P$2:P$30=$A10)*1)=0)*NOT(SUMPRODUCT((Cronograma!Q$2:Q$30=$A10)*(Cronograma!$B$2:$B$30=FALSE))>0))>0),((SUMPRODUCT((Cronograma!Q$2:Q$30=$A10)*1)=0)*NOT(SUMPRODUCT((Cronograma!P$2:P$30=$A10)*(Cronograma!$B$2:$B$30=TRUE))>0))) -> 0 | E10: {=_xlfn.XLOOKUP("German Avila",Cronograma!C2:C30,Cronograma!A2:A30,"")} -> 0 | F10: {=_xlfn.XLOOKUP("German Avila",Cronograma!D2:D30,Cronograma!A2:A30,"")} -> 0 | G10: {=_xlfn.XLOOKUP("German Avila",Cronograma!E2:E30,Cronograma!A2:A30,"")} -> 0 | H10: {=_xlfn.XLOOKUP("German Avila",Cronograma!F2:F30,Cronograma!A2:A30,"")} -> 0 | I10: {=_xlfn.XLOOKUP("German Avila",Cronograma!G2:G30,Cronograma!A2:A30,"")} -> 0 | J10: {=_xlfn.XLOOKUP("German Avila",Cronograma!H2:H30,Cronograma!A2:A30,"")} -> 0 | K10: {=_xlfn.XLOOKUP("German Avila",Cronograma!I2:I30,Cronograma!A2:A30,"")} -> 0 | L10: {=_xlfn.XLOOKUP("German Avila",Cronograma!J2:J30,Cronograma!A2:A30,"")} -> 0 | M10: {=_xlfn.XLOOKUP("German Avila",Cronograma!K2:K30,Cronograma!A2:A30,"")} -> 0 | N10: {=_xlfn.XLOOKUP("German Avila",Cronograma!L2:L30,Cronograma!A2:A30,"")} -> 0 | O10: {=_xlfn.XLOOKUP("German Avila",Cronograma!M2:M30,Cronograma!A2:A30,"")} -> 0 | P10: {=_xlfn.XLOOKUP("German Avila",Cronograma!N2:N30,Cronograma!A2:A30,"")} -> 0 | Q10: {=_xlfn.XLOOKUP("German Avila",Cronograma!O2:O30,Cronograma!A2:A30,"")} -> 0 | R10: {=_xlfn.XLOOKUP("German Avila",Cronograma!P2:P30,Cronograma!A2:A30,"")} -> 0 | S10: {=_xlfn.XLOOKUP("German Avila",Cronograma!Q2:Q30,Cronograma!A2:A30,"")} -> 0
A11: Gisela | B11: =SUMPRODUCT((Cronograma!B2:B30=FALSE) * (COUNTIF(E11:S11, Cronograma!A2:A30))) -> 0 | C11: =SUMPRODUCT((Cronograma!B2:B30=TRUE) * (COUNTIF(E11:S11, Cronograma!A2:A30))) -> 0 | D11: =SUM(((SUMPRODUCT((Cronograma!C$2:C$30=$A11)*1)=0)*NOT(SUMPRODUCT((Cronograma!D$2:D$30=$A11)*(Cronograma!$B$2:$B$30=FALSE))>0)),(((SUMPRODUCT((Cronograma!D$2:D$30=$A11)*1)=0)*NOT(SUMPRODUCT((Cronograma!C$2:C$30=$A11)*(Cronograma!$B$2:$B$30=TRUE))>0))+((SUMPRODUCT((Cronograma!D$2:D$30=$A11)*1)=0)*NOT(SUMPRODUCT((Cronograma!E$2:E$30=$A11)*(Cronograma!$B$2:$B$30=FALSE))>0))>0),(((SUMPRODUCT((Cronograma!E$2:E$30=$A11)*1)=0)*NOT(SUMPRODUCT((Cronograma!D$2:D$30=$A11)*(Cronograma!$B$2:$B$30=TRUE))>0))+((SUMPRODUCT((Cronograma!E$2:E$30=$A11)*1)=0)*NOT(SUMPRODUCT((Cronograma!F$2:F$30=$A11)*(Cronograma!$B$2:$B$30=FALSE))>0))>0),(((SUMPRODUCT((Cronograma!F$2:F$30=$A11)*1)=0)*NOT(SUMPRODUCT((Cronograma!E$2:E$30=$A11)*(Cronograma!$B$2:$B$30=TRUE))>0))+((SUMPRODUCT((Cronograma!F$2:F$30=$A11)*1)=0)*NOT(SUMPRODUCT((Cronograma!G$2:G$30=$A11)*(Cronograma!$B$2:$B$30=FALSE))>0))>0),(((SUMPRODUCT((Cronograma!G$2:G$30=$A11)*1)=0)*NOT(SUMPRODUCT((Cronograma!F$2:F$30=$A11)*(Cronograma!$B$2:$B$30=TRUE))>0))+((SUMPRODUCT((Cronograma!G$2:G$30=$A11)*1)=0)*NOT(SUMPRODUCT((Cronograma!H$2:H$30=$A11)*(Cronograma!$B$2:$B$30=FALSE))>0))>0),(((SUMPRODUCT((Cronograma!H$2:H$30=$A11)*1)=0)*NOT(SUMPRODUCT((Cronograma!G$2:G$30=$A11)*(Cronograma!$B$2:$B$30=TRUE))>0))+((SUMPRODUCT((Cronograma!H$2:H$30=$A11)*1)=0)*NOT(SUMPRODUCT((Cronograma!I$2:I$30=$A11)*(Cronograma!$B$2:$B$30=FALSE))>0))>0),(((SUMPRODUCT((Cronograma!I$2:I$30=$A11)*1)=0)*NOT(SUMPRODUCT((Cronograma!H$2:H$30=$A11)*(Cronograma!$B$2:$B$30=TRUE))>0))+((SUMPRODUCT((Cronograma!I$2:I$30=$A11)*1)=0)*NOT(SUMPRODUCT((Cronograma!J$2:J$30=$A11)*(Cronograma!$B$2:$B$30=FALSE))>0))>0),(((SUMPRODUCT((Cronograma!J$2:J$30=$A11)*1)=0)*NOT(SUMPRODUCT((Cronograma!I$2:I$30=$A11)*(Cronograma!$B$2:$B$30=TRUE))>0))+((SUMPRODUCT((Cronograma!J$2:J$30=$A11)*1)=0)*NOT(SUMPRODUCT((Cronograma!K$2:K$30=$A11)*(Cronograma!$B$2:$B$30=FALSE))>0))>0),(((SUMPRODUCT((Cronograma!K$2:K$30=$A11)*1)=0)*NOT(SUMPRODUCT((Cronograma!J$2:J$30=$A11)*(Cronograma!$B$2:$B$30=TRUE))>0))+((SUMPRODUCT((Cronograma!K$2:K$30=$A11)*1)=0)*NOT(SUMPRODUCT((Cronograma!L$2:L$30=$A11)*(Cronograma!$B$2:$B$30=FALSE))>0))>0),(((SUMPRODUCT((Cronograma!L$2:L$30=$A11)*1)=0)*NOT(SUMPRODUCT((Cronograma!K$2:K$30=$A11)*(Cronograma!$B$2:$B$30=TRUE))>0))+((SUMPRODUCT((Cronograma!L$2:L$30=$A11)*1)=0)*NOT(SUMPRODUCT((Cronograma!M$2:M$30=$A11)*(Cronograma!$B$2:$B$30=FALSE))>0))>0),(((SUMPRODUCT((Cronograma!M$2:M$30=$A11)*1)=0)*NOT(SUMPRODUCT((Cronograma!L$2:L$30=$A11)*(Cronograma!$B$2:$B$30=TRUE))>0))+((SUMPRODUCT((Cronograma!M$2:M$30=$A11)*1)=0)*NOT(SUMPRODUCT((Cronograma!N$2:N$30=$A11)*(Cronograma!$B$2:$B$30=FALSE))>0))>0),(((SUMPRODUCT((Cronograma!N$2:N$30=$A11)*1)=0)*NOT(SUMPRODUCT((Cronograma!M$2:M$30=$A11)*(Cronograma!$B$2:$B$30=TRUE))>0))+((SUMPRODUCT((Cronograma!N$2:N$30=$A11)*1)=0)*NOT(SUMPRODUCT((Cronograma!O$2:O$30=$A11)*(Cronograma!$B$2:$B$30=FALSE))>0))>0),(((SUMPRODUCT((Cronograma!O$2:O$30=$A11)*1)=0)*NOT(SUMPRODUCT((Cronograma!N$2:N$30=$A11)*(Cronograma!$B$2:$B$30=TRUE))>0))+((SUMPRODUCT((Cronograma!O$2:O$30=$A11)*1)=0)*NOT(SUMPRODUCT((Cronograma!P$2:P$30=$A11)*(Cronograma!$B$2:$B$30=FALSE))>0))>0),(((SUMPRODUCT((Cronograma!P$2:P$30=$A11)*1)=0)*NOT(SUMPRODUCT((Cronograma!O$2:O$30=$A11)*(Cronograma!$B$2:$B$30=TRUE))>0))+((SUMPRODUCT((Cronograma!P$2:P$30=$A11)*1)=0)*NOT(SUMPRODUCT((Cronograma!Q$2:Q$30=$A11)*(Cronograma!$B$2:$B$30=FALSE))>0))>0),((SUMPRODUCT((Cronograma!Q$2:Q$30=$A11)*1)=0)*NOT(SUMPRODUCT((Cronograma!P$2:P$30=$A11)*(Cronograma!$B$2:$B$30=TRUE))>0))) -> 0 | E11: {=_xlfn.XLOOKUP("Gisela",Cronograma!C2:C30,Cronograma!A2:A30,"")} -> 0 | F11: {=_xlfn.XLOOKUP("Gisela",Cronograma!D2:D30,Cronograma!A2:A30,"")} -> 0 | G11: {=_xlfn.XLOOKUP("Gisela",Cronograma!E2:E30,Cronograma!A2:A30,"")} -> 0 | H11: {=_xlfn.XLOOKUP("Gisela",Cronograma!F2:F30,Cronograma!A2:A30,"")} -> 0 | I11: {=_xlfn.XLOOKUP("Gisela",Cronograma!G2:G30,Cronograma!A2:A30,"")} -> 0 | J11: {=_xlfn.XLOOKUP("Gisela",Cronograma!H2:H30,Cronograma!A2:A30,"")} -> 0 | K11: {=_xlfn.XLOOKUP("Gisela",Cronograma!I2:I30,Cronograma!A2:A30,"")} -> 0 | L11: {=_xlfn.XLOOKUP("Gisela",Cronograma!J2:J30,Cronograma!A2:A30,"")} -> 0 | M11: {=_xlfn.XLOOKUP("Gisela",Cronograma!K2:K30,Cronograma!A2:A30,"")} -> 0 | N11: {=_xlfn.XLOOKUP("Gisela",Cronograma!L2:L30,Cronograma!A2:A30,"")} -> 0 | O11: {=_xlfn.XLOOKUP("Gisela",Cronograma!M2:M30,Cronograma!A2:A30,"")} -> 0 | P11: {=_xlfn.XLOOKUP("Gisela",Cronograma!N2:N30,Cronograma!A2:A30,"")} -> 0 | Q11: {=_xlfn.XLOOKUP("Gisela",Cronograma!O2:O30,Cronograma!A2:A30,"")} -> 0 | R11: {=_xlfn.XLOOKUP("Gisela",Cronograma!P2:P30,Cronograma!A2:A30,"")} -> 0 | S11: {=_xlfn.XLOOKUP("Gisela",Cronograma!Q2:Q30,Cronograma!A2:A30,"")} -> 0
A12: Luisa Viviana | B12: =SUMPRODUCT((Cronograma!B2:B30=FALSE) * (COUNTIF(E12:S12, Cronograma!A2:A30))) -> 0 | C12: =SUMPRODUCT((Cronograma!B2:B30=TRUE) * (COUNTIF(E12:S12, Cronograma!A2:A30))) -> 0 | D12: =SUM(((SUMPRODUCT((Cronograma!C$2:C$30=$A12)*1)=0)*NOT(SUMPRODUCT((Cronograma!D$2:D$30=$A12)*(Cronograma!$B$2:$B$30=FALSE))>0)),(((SUMPRODUCT((Cronograma!D$2:D$30=$A12)*1)=0)*NOT(SUMPRODUCT((Cronograma!C$2:C$30=$A12)*(Cronograma!$B$2:$B$30=TRUE))>0))+((SUMPRODUCT((Cronograma!D$2:D$30=$A12)*1)=0)*NOT(SUMPRODUCT((Cronograma!E$2:E$30=$A12)*(Cronograma!$B$2:$B$30=FALSE))>0))>0),(((SUMPRODUCT((Cronograma!E$2:E$30=$A12)*1)=0)*NOT(SUMPRODUCT((Cronograma!D$2:D$30=$A12)*(Cronograma!$B$2:$B$30=TRUE))>0))+((SUMPRODUCT((Cronograma!E$2:E$30=$A12)*1)=0)*NOT(SUMPRODUCT((Cronograma!F$2:F$30=$A12)*(Cronograma!$B$2:$B$30=FALSE))>0))>0),(((SUMPRODUCT((Cronograma!F$2:F$30=$A12)*1)=0)*NOT(SUMPRODUCT((Cronograma!E$2:E$30=$A12)*(Cronograma!$B$2:$B$30=TRUE))>0))+((SUMPRODUCT((Cronograma!F$2:F$30=$A12)*1)=0)*NOT(SUMPRODUCT((Cronograma!G$2:G$30=$A12)*(Cronograma!$B$2:$B$30=FALSE))>0))>0),(((SUMPRODUCT((Cronograma!G$2:G$30=$A12)*1)=0)*NOT(SUMPRODUCT((Cronograma!F$2:F$30=$A12)*(Cronograma!$B$2:$B$30=TRUE))>0))+((SUMPRODUCT((Cronograma!G$2:G$30=$A12)*1)=0)*NOT(SUMPRODUCT((Cronograma!H$2:H$30=$A12)*(Cronograma!$B$2:$B$30=FALSE))>0))>0),(((SUMPRODUCT((Cronograma!H$2:H$30=$A12)*1)=0)*NOT(SUMPRODUCT((Cronograma!G$2:G$30=$A12)*(Cronograma!$B$2:$B$30=TRUE))>0))+((SUMPRODUCT((Cronograma!H$2:H$30=$A12)*1)=0)*NOT(SUMPRODUCT((Cronograma!I$2:I$30=$A12)*(Cronograma!$B$2:$B$30=FALSE))>0))>0),(((SUMPRODUCT((Cronograma!I$2:I$30=$A12)*1)=0)*NOT(SUMPRODUCT((Cronograma!H$2:H$30=$A12)*(Cronograma!$B$2:$B$30=TRUE))>0))+((SUMPRODUCT((Cronograma!I$2:I$30=$A12)*1)=0)*NOT(SUMPRODUCT((Cronograma!J$2:J$30=$A12)*(Cronograma!$B$2:$B$30=FALSE))>0))>0),(((SUMPRODUCT((Cronograma!J$2:J$30=$A12)*1)=0)*NOT(SUMPRODUCT((Cronograma!I$2:I$30=$A12)*(Cronograma!$B$2:$B$30=TRUE))>0))+((SUMPRODUCT((Cronograma!J$2:J$30=$A12)*1)=0)*NOT(SUMPRODUCT((Cronograma!K$2:K$30=$A12)*(Cronograma!$B$2:$B$30=FALSE))>0))>0),(((SUMPRODUCT((Cronograma!K$2:K$30=$A12)*1)=0)*NOT(SUMPRODUCT((Cronograma!J$2:J$30=$A12)*(Cronograma!$B$2:$B$30=TRUE))>0))+((SUMPRODUCT((Cronograma!K$2:K$30=$A12)*1)=0)*NOT(SUMPRODUCT((Cronograma!L$2:L$30=$A12)*(Cronograma!$B$2:$B$30=FALSE))>0))>0),(((SUMPRODUCT((Cronograma!L$2:L$30=$A12)*1)=0)*NOT(SUMPRODUCT((Cronograma!K$2:K$30=$A12)*(Cronograma!$B$2:$B$30=TRUE))>0))+((SUMPRODUCT((Cronograma!L$2:L$30=$A12)*1)=0)*NOT(SUMPRODUCT((Cronograma!M$2:M$30=$A12)*(Cronograma!$B$2:$B$30=FALSE))>0))>0),(((SUMPRODUCT((Cronograma!M$2:M$30=$A12)*1)=0)*NOT(SUMPRODUCT((Cronograma!L$2:L$30=$A12)*(Cronograma!$B$2:$B$30=TRUE))>0))+((SUMPRODUCT((Cronograma!M$2:M$30=$A12)*1)=0)*NOT(SUMPRODUCT((Cronograma!N$2:N$30=$A12)*(Cronograma!$B$2:$B$30=FALSE))>0))>0),(((SUMPRODUCT((Cronograma!N$2:N$30=$A12)*1)=0)*NOT(SUMPRODUCT((Cronograma!M$2:M$30=$A12)*(Cronograma!$B$2:$B$30=TRUE))>0))+((SUMPRODUCT((Cronograma!N$2:N$30=$A12)*1)=0)*NOT(SUMPRODUCT((Cronograma!O$2:O$30=$A12)*(Cronograma!$B$2:$B$30=FALSE))>0))>0),(((SUMPRODUCT((Cronograma!O$2:O$30=$A12)*1)=0)*NOT(SUMPRODUCT((Cronograma!N$2:N$30=$A12)*(Cronograma!$B$2:$B$30=TRUE))>0))+((SUMPRODUCT((Cronograma!O$2:O$30=$A12)*1)=0)*NOT(SUMPRODUCT((Cronograma!P$2:P$30=$A12)*(Cronograma!$B$2:$B$30=FALSE))>0))>0),(((SUMPRODUCT((Cronograma!P$2:P$30=$A12)*1)=0)*NOT(SUMPRODUCT((Cronograma!O$2:O$30=$A12)*(Cronograma!$B$2:$B$30=TRUE))>0))+((SUMPRODUCT((Cronograma!P$2:P$30=$A12)*1)=0)*NOT(SUMPRODUCT((Cronograma!Q$2:Q$30=$A12)*(Cronograma!$B$2:$B$30=FALSE))>0))>0),((SUMPRODUCT((Cronograma!Q$2:Q$30=$A12)*1)=0)*NOT(SUMPRODUCT((Cronograma!P$2:P$30=$A12)*(Cronograma!$B$2:$B$30=TRUE))>0))) -> 0 | E12: {=_xlfn.XLOOKUP("Luisa Viviana",Cronograma!C2:C30,Cronograma!A2:A30,"")} -> 0 | F12: {=_xlfn.XLOOKUP("Luisa Viviana",Cronograma!D2:D30,Cronograma!A2:A30,"")} -> 0 | G12: {=_xlfn.XLOOKUP("Luisa Viviana",Cronograma!E2:E30,Cronograma!A2:A30,"")} -> 0 | H12: {=_xlfn.XLOOKUP("Luisa Viviana",Cronograma!F2:F30,Cronograma!A2:A30,"")} -> 0 | I12: {=_xlfn.XLOOKUP("Luisa Viviana",Cronograma!G2:G30,Cronograma!A2:A30,"")} -> 0 | J12: {=_xlfn.XLOOKUP("Luisa Viviana",Cronograma!H2:H30,Cronograma!A2:A30,"")} -> 0 | K12: {=_xlfn.XLOOKUP("Luisa Viviana",Cronograma!I2:I30,Cronograma!A2:A30,"")} -> 0 | L12: {=_xlfn.XLOOKUP("Luisa Viviana",Cronograma!J2:J30,Cronograma!A2:A30,"")} -> 0 | M12: {=_xlfn.XLOOKUP("Luisa Viviana",Cronograma!K2:K30,Cronograma!A2:A30,"")} -> 0 | N12: {=_xlfn.XLOOKUP("Luisa Viviana",Cronograma!L2:L30,Cronograma!A2:A30,"")} -> 0 | O12: {=_xlfn.XLOOKUP("Luisa Viviana",Cronograma!M2:M30,Cronograma!A2:A30,"")} -> 0 | P12: {=_xlfn.XLOOKUP("Luisa Viviana",Cronograma!N2:N30,Cronograma!A2:A30,"")} -> 0 | Q12: {=_xlfn.XLOOKUP("Luisa Viviana",Cronograma!O2:O30,Cronograma!A2:A30,"")} -> 0 | R12: {=_xlfn.XLOOKUP("Luisa Viviana",Cronograma!P2:P30,Cronograma!A2:A30,"")} -> 0 | S12: {=_xlfn.XLOOKUP("Luisa Viviana",Cronograma!Q2:Q30,Cronograma!A2:A30,"")} -> 0
A13: Maria Paula | B13: =SUMPRODUCT((Cronograma!B2:B30=FALSE) * (COUNTIF(E13:S13, Cronograma!A2:A30))) -> 0 | C13: =SUMPRODUCT((Cronograma!B2:B30=TRUE) * (COUNTIF(E13:S13, Cronograma!A2:A30))) -> 0 | D13: =SUM(((SUMPRODUCT((Cronograma!C$2:C$30=$A13)*1)=0)*NOT(SUMPRODUCT((Cronograma!D$2:D$30=$A13)*(Cronograma!$B$2:$B$30=FALSE))>0)),(((SUMPRODUCT((Cronograma!D$2:D$30=$A13)*1)=0)*NOT(SUMPRODUCT((Cronograma!C$2:C$30=$A13)*(Cronograma!$B$2:$B$30=TRUE))>0))+((SUMPRODUCT((Cronograma!D$2:D$30=$A13)*1)=0)*NOT(SUMPRODUCT((Cronograma!E$2:E$30=$A13)*(Cronograma!$B$2:$B$30=FALSE))>0))>0),(((SUMPRODUCT((Cronograma!E$2:E$30=$A13)*1)=0)*NOT(SUMPRODUCT((Cronograma!D$2:D$30=$A13)*(Cronograma!$B$2:$B$30=TRUE))>0))+((SUMPRODUCT((Cronograma!E$2:E$30=$A13)*1)=0)*NOT(SUMPRODUCT((Cronograma!F$2:F$30=$A13)*(Cronograma!$B$2:$B$30=FALSE))>0))>0),(((SUMPRODUCT((Cronograma!F$2:F$30=$A13)*1)=0)*NOT(SUMPRODUCT((Cronograma!E$2:E$30=$A13)*(Cronograma!$B$2:$B$30=TRUE))>0))+((SUMPRODUCT((Cronograma!F$2:F$30=$A13)*1)=0)*NOT(SUMPRODUCT((Cronograma!G$2:G$30=$A13)*(Cronograma!$B$2:$B$30=FALSE))>0))>0),(((SUMPRODUCT((Cronograma!G$2:G$30=$A13)*1)=0)*NOT(SUMPRODUCT((Cronograma!F$2:F$30=$A13)*(Cronograma!$B$2:$B$30=TRUE))>0))+((SUMPRODUCT((Cronograma!G$2:G$30=$A13)*1)=0)*NOT(SUMPRODUCT((Cronograma!H$2:H$30=$A13)*(Cronograma!$B$2:$B$30=FALSE))>0))>0),(((SUMPRODUCT((Cronograma!H$2:H$30=$A13)*1)=0)*NOT(SUMPRODUCT((Cronograma!G$2:G$30=$A13)*(Cronograma!$B$2:$B$30=TRUE))>0))+((SUMPRODUCT((Cronograma!H$2:H$30=$A13)*1)=0)*NOT(SUMPRODUCT((Cronograma!I$2:I$30=$A13)*(Cronograma!$B$2:$B$30=FALSE))>0))>0),(((SUMPRODUCT((Cronograma!I$2:I$30=$A13)*1)=0)*NOT(SUMPRODUCT((Cronograma!H$2:H$30=$A13)*(Cronograma!$B$2:$B$30=TRUE))>0))+((SUMPRODUCT((Cronograma!I$2:I$30=$A13)*1)=0)*NOT(SUMPRODUCT((Cronograma!J$2:J$30=$A13)*(Cronograma!$B$2:$B$30=FALSE))>0))>0),(((SUMPRODUCT((Cronograma!J$2:J$30=$A13)*1)=0)*NOT(SUMPRODUCT((Cronograma!I$2:I$30=$A13)*(Cronograma!$B$2:$B$30=TRUE))>0))+((SUMPRODUCT((Cronograma!J$2:J$30=$A13)*1)=0)*NOT(SUMPRODUCT((Cronograma!K$2:K$30=$A13)*(Cronograma!$B$2:$B$30=FALSE))>0))>0),(((SUMPRODUCT((Cronograma!K$2:K$30=$A13)*1)=0)*NOT(SUMPRODUCT((Cronograma!J$2:J$30=$A13)*(Cronograma!$B$2:$B$30=TRUE))>0))+((SUMPRODUCT((Cronograma!K$2:K$30=$A13)*1)=0)*NOT(SUMPRODUCT((Cronograma!L$2:L$30=$A13)*(Cronograma!$B$2:$B$30=FALSE))>0))>0),(((SUMPRODUCT((Cronograma!L$2:L$30=$A13)*1)=0)*NOT(SUMPRODUCT((Cronograma!K$2:K$30=$A13)*(Cronograma!$B$2:$B$30=TRUE))>0))+((SUMPRODUCT((Cronograma!L$2:L$30=$A13)*1)=0)*NOT(SUMPRODUCT((Cronograma!M$2:M$30=$A13)*(Cronograma!$B$2:$B$30=FALSE))>0))>0),(((SUMPRODUCT((Cronograma!M$2:M$30=$A13)*1)=0)*NOT(SUMPRODUCT((Cronograma!L$2:L$30=$A13)*(Cronograma!$B$2:$B$30=TRUE))>0))+((SUMPRODUCT((Cronograma!M$2:M$30=$A13)*1)=0)*NOT(SUMPRODUCT((Cronograma!N$2:N$30=$A13)*(Cronograma!$B$2:$B$30=FALSE))>0))>0),(((SUMPRODUCT((Cronograma!N$2:N$30=$A13)*1)=0)*NOT(SUMPRODUCT((Cronograma!M$2:M$30=$A13)*(Cronograma!$B$2:$B$30=TRUE))>0))+((SUMPRODUCT((Cronograma!N$2:N$30=$A13)*1)=0)*NOT(SUMPRODUCT((Cronograma!O$2:O$30=$A13)*(Cronograma!$B$2:$B$30=FALSE))>0))>0),(((SUMPRODUCT((Cronograma!O$2:O$30=$A13)*1)=0)*NOT(SUMPRODUCT((Cronograma!N$2:N$30=$A13)*(Cronograma!$B$2:$B$30=TRUE))>0))+((SUMPRODUCT((Cronograma!O$2:O$30=$A13)*1)=0)*NOT(SUMPRODUCT((Cronograma!P$2:P$30=$A13)*(Cronograma!$B$2:$B$30=FALSE))>0))>0),(((SUMPRODUCT((Cronograma!P$2:P$30=$A13)*1)=0)*NOT(SUMPRODUCT((Cronograma!O$2:O$30=$A13)*(Cronograma!$B$2:$B$30=TRUE))>0))+((SUMPRODUCT((Cronograma!P$2:P$30=$A13)*1)=0)*NOT(SUMPRODUCT((Cronograma!Q$2:Q$30=$A13)*(Cronograma!$B$2:$B$30=FALSE))>0))>0),((SUMPRODUCT((Cronograma!Q$2:Q$30=$A13)*1)=0)*NOT(SUMPRODUCT((Cronograma!P$2:P$30=$A13)*(Cronograma!$B$2:$B$30=TRUE))>0))) -> 0 | E13: {=_xlfn.XLOOKUP("Maria Paula",Cronograma!C2:C30,Cronograma!A2:A30,"")} -> 0 | F13: {=_xlfn.XLOOKUP("Maria Paula",Cronograma!D2:D30,Cronograma!A2:A30,"")} -> 0 | G13: {=_xlfn.XLOOKUP("Maria Paula",Cronograma!E2:E30,Cronograma!A2:A30,"")} -> 0 | H13: {=_xlfn.XLOOKUP("Maria Paula",Cronograma!F2:F30,Cronograma!A2:A30,"")} -> 0 | I13: {=_xlfn.XLOOKUP("Maria Paula",Cronograma!G2:G30,Cronograma!A2:A30,"")} -> 0 | J13: {=_xlfn.XLOOKUP("Maria Paula",Cronograma!H2:H30,Cronograma!A2:A30,"")} -> 0 | K13: {=_xlfn.XLOOKUP("Maria Paula",Cronograma!I2:I30,Cronograma!A2:A30,"")} -> 0 | L13: {=_xlfn.XLOOKUP("Maria Paula",Cronograma!J2:J30,Cronograma!A2:A30,"")} -> 0 | M13: {=_xlfn.XLOOKUP("Maria Paula",Cronograma!K2:K30,Cronograma!A2:A30,"")} -> 0 | N13: {=_xlfn.XLOOKUP("Maria Paula",Cronograma!L2:L30,Cronograma!A2:A30,"")} -> 0 | O13: {=_xlfn.XLOOKUP("Maria Paula",Cronograma!M2:M30,Cronograma!A2:A30,"")} -> 0 | P13: {=_xlfn.XLOOKUP("Maria Paula",Cronograma!N2:N30,Cronograma!A2:A30,"")} -> 0 | Q13: {=_xlfn.XLOOKUP("Maria Paula",Cronograma!O2:O30,Cronograma!A2:A30,"")} -> 0 | R13: {=_xlfn.XLOOKUP("Maria Paula",Cronograma!P2:P30,Cronograma!A2:A30,"")} -> 0 | S13: {=_xlfn.XLOOKUP("Maria Paula",Cronograma!Q2:Q30,Cronograma!A2:A30,"")} -> 0
A14: Maribel | B14: =SUMPRODUCT((Cronograma!B2:B30=FALSE) * (COUNTIF(E14:S14, Cronograma!A2:A30))) -> 0 | C14: =SUMPRODUCT((Cronograma!B2:B30=TRUE) * (COUNTIF(E14:S14, Cronograma!A2:A30))) -> 0 | D14: =SUM(((SUMPRODUCT((Cronograma!C$2:C$30=$A14)*1)=0)*NOT(SUMPRODUCT((Cronograma!D$2:D$30=$A14)*(Cronograma!$B$2:$B$30=FALSE))>0)),(((SUMPRODUCT((Cronograma!D$2:D$30=$A14)*1)=0)*NOT(SUMPRODUCT((Cronograma!C$2:C$30=$A14)*(Cronograma!$B$2:$B$30=TRUE))>0))+((SUMPRODUCT((Cronograma!D$2:D$30=$A14)*1)=0)*NOT(SUMPRODUCT((Cronograma!E$2:E$30=$A14)*(Cronograma!$B$2:$B$30=FALSE))>0))>0),(((SUMPRODUCT((Cronograma!E$2:E$30=$A14)*1)=0)*NOT(SUMPRODUCT((Cronograma!D$2:D$30=$A14)*(Cronograma!$B$2:$B$30=TRUE))>0))+((SUMPRODUCT((Cronograma!E$2:E$30=$A14)*1)=0)*NOT(SUMPRODUCT((Cronograma!F$2:F$30=$A14)*(Cronograma!$B$2:$B$30=FALSE))>0))>0),(((SUMPRODUCT((Cronograma!F$2:F$30=$A14)*1)=0)*NOT(SUMPRODUCT((Cronograma!E$2:E$30=$A14)*(Cronograma!$B$2:$B$30=TRUE))>0))+((SUMPRODUCT((Cronograma!F$2:F$30=$A14)*1)=0)*NOT(SUMPRODUCT((Cronograma!G$2:G$30=$A14)*(Cronograma!$B$2:$B$30=FALSE))>0))>0),(((SUMPRODUCT((Cronograma!G$2:G$30=$A14)*1)=0)*NOT(SUMPRODUCT((Cronograma!F$2:F$30=$A14)*(Cronograma!$B$2:$B$30=TRUE))>0))+((SUMPRODUCT((Cronograma!G$2:G$30=$A14)*1)=0)*NOT(SUMPRODUCT((Cronograma!H$2:H$30=$A14)*(Cronograma!$B$2:$B$30=FALSE))>0))>0),(((SUMPRODUCT((Cronograma!H$2:H$30=$A14)*1)=0)*NOT(SUMPRODUCT((Cronograma!G$2:G$30=$A14)*(Cronograma!$B$2:$B$30=TRUE))>0))+((SUMPRODUCT((Cronograma!H$2:H$30=$A14)*1)=0)*NOT(SUMPRODUCT((Cronograma!I$2:I$30=$A14)*(Cronograma!$B$2:$B$30=FALSE))>0))>0),(((SUMPRODUCT((Cronograma!I$2:I$30=$A14)*1)=0)*NOT(SUMPRODUCT((Cronograma!H$2:H$30=$A14)*(Cronograma!$B$2:$B$30=TRUE))>0))+((SUMPRODUCT((Cronograma!I$2:I$30=$A14)*1)=0)*NOT(SUMPRODUCT((Cronograma!J$2:J$30=$A14)*(Cronograma!$B$2:$B$30=FALSE))>0))>0),(((SUMPRODUCT((Cronograma!J$2:J$30=$A14)*1)=0)*NOT(SUMPRODUCT((Cronograma!I$2:I$30=$A14)*(Cronograma!$B$2:$B$30=TRUE))>0))+((SUMPRODUCT((Cronograma!J$2:J$30=$A14)*1)=0)*NOT(SUMPRODUCT((Cronograma!K$2:K$30=$A14)*(Cronograma!$B$2:$B$30=FALSE))>0))>0),(((SUMPRODUCT((Cronograma!K$2:K$30=$A14)*1)=0)*NOT(SUMPRODUCT((Cronograma!J$2:J$30=$A14)*(Cronograma!$B$2:$B$30=TRUE))>0))+((SUMPRODUCT((Cronograma!K$2:K$30=$A14)*1)=0)*NOT(SUMPRODUCT((Cronograma!L$2:L$30=$A14)*(Cronograma!$B$2:$B$30=FALSE))>0))>0),(((SUMPRODUCT((Cronograma!L$2:L$30=$A14)*1)=0)*NOT(SUMPRODUCT((Cronograma!K$2:K$30=$A14)*(Cronograma!$B$2:$B$30=TRUE))>0))+((SUMPRODUCT((Cronograma!L$2:L$30=$A14)*1)=0)*NOT(SUMPRODUCT((Cronograma!M$2:M$30=$A14)*(Cronograma!$B$2:$B$30=FALSE))>0))>0),(((SUMPRODUCT((Cronograma!M$2:M$30=$A14)*1)=0)*NOT(SUMPRODUCT((Cronograma!L$2:L$30=$A14)*(Cronograma!$B$2:$B$30=TRUE))>0))+((SUMPRODUCT((Cronograma!M$2:M$30=$A14)*1)=0)*NOT(SUMPRODUCT((Cronograma!N$2:N$30=$A14)*(Cronograma!$B$2:$B$30=FALSE))>0))>0),(((SUMPRODUCT((Cronograma!N$2:N$30=$A14)*1)=0)*NOT(SUMPRODUCT((Cronograma!M$2:M$30=$A14)*(Cronograma!$B$2:$B$30=TRUE))>0))+((SUMPRODUCT((Cronograma!N$2:N$30=$A14)*1)=0)*NOT(SUMPRODUCT((Cronograma!O$2:O$30=$A14)*(Cronograma!$B$2:$B$30=FALSE))>0))>0),(((SUMPRODUCT((Cronograma!O$2:O$30=$A14)*1)=0)*NOT(SUMPRODUCT((Cronograma!N$2:N$30=$A14)*(Cronograma!$B$2:$B$30=TRUE))>0))+((SUMPRODUCT((Cronograma!O$2:O$30=$A14)*1)=0)*NOT(SUMPRODUCT((Cronograma!P$2:P$30=$A14)*(Cronograma!$B$2:$B$30=FALSE))>0))>0),(((SUMPRODUCT((Cronograma!P$2:P$30=$A14)*1)=0)*NOT(SUMPRODUCT((Cronograma!O$2:O$30=$A14)*(Cronograma!$B$2:$B$30=TRUE))>0))+((SUMPRODUCT((Cronograma!P$2:P$30=$A14)*1)=0)*NOT(SUMPRODUCT((Cronograma!Q$2:Q$30=$A14)*(Cronograma!$B$2:$B$30=FALSE))>0))>0),((SUMPRODUCT((Cronograma!Q$2:Q$30=$A14)*1)=0)*NOT(SUMPRODUCT((Cronograma!P$2:P$30=$A14)*(Cronograma!$B$2:$B$30=TRUE))>0))) -> 0 | E14: {=_xlfn.XLOOKUP("Maribel",Cronograma!C2:C30,Cronograma!A2:A30,"")} -> 0 | F14: {=_xlfn.XLOOKUP("Maribel",Cronograma!D2:D30,Cronograma!A2:A30,"")} -> 0 | G14: {=_xlfn.XLOOKUP("Maribel",Cronograma!E2:E30,Cronograma!A2:A30,"")} -> 0 | H14: {=_xlfn.XLOOKUP("Maribel",Cronograma!F2:F30,Cronograma!A2:A30,"")} -> 0 | I14: {=_xlfn.XLOOKUP("Maribel",Cronograma!G2:G30,Cronograma!A2:A30,"")} -> 0 | J14: {=_xlfn.XLOOKUP("Maribel",Cronograma!H2:H30,Cronograma!A2:A30,"")} -> 0 | K14: {=_xlfn.XLOOKUP("Maribel",Cronograma!I2:I30,Cronograma!A2:A30,"")} -> 0 | L14: {=_xlfn.XLOOKUP("Maribel",Cronograma!J2:J30,Cronograma!A2:A30,"")} -> 0 | M14: {=_xlfn.XLOOKUP("Maribel",Cronograma!K2:K30,Cronograma!A2:A30,"")} -> 0 | N14: {=_xlfn.XLOOKUP("Maribel",Cronograma!L2:L30,Cronograma!A2:A30,"")} -> 0 | O14: {=_xlfn.XLOOKUP("Maribel",Cronograma!M2:M30,Cronograma!A2:A30,"")} -> 0 | P14: {=_xlfn.XLOOKUP("Maribel",Cronograma!N2:N30,Cronograma!A2:A30,"")} -> 0 | Q14: {=_xlfn.XLOOKUP("Maribel",Cronograma!O2:O30,Cronograma!A2:A30,"")} -> 0 | R14: {=_xlfn.XLOOKUP("Maribel",Cronograma!P2:P30,Cronograma!A2:A30,"")} -> 0 | S14: {=_xlfn.XLOOKUP("Maribel",Cronograma!Q2:Q30,Cronograma!A2:A30,"")} -> 0
A15: Martha | B15: =SUMPRODUCT((Cronograma!B2:B30=FALSE) * (COUNTIF(E15:S15, Cronograma!A2:A30))) -> 0 | C15: =SUMPRODUCT((Cronograma!B2:B30=TRUE) * (COUNTIF(E15:S15, Cronograma!A2:A30))) -> 0 | D15: =SUM(((SUMPRODUCT((Cronograma!C$2:C$30=$A15)*1)=0)*NOT(SUMPRODUCT((Cronograma!D$2:D$30=$A15)*(Cronograma!$B$2:$B$30=FALSE))>0)),(((SUMPRODUCT((Cronograma!D$2:D$30=$A15)*1)=0)*NOT(SUMPRODUCT((Cronograma!C$2:C$30=$A15)*(Cronograma!$B$2:$B$30=TRUE))>0))+((SUMPRODUCT((Cronograma!D$2:D$30=$A15)*1)=0)*NOT(SUMPRODUCT((Cronograma!E$2:E$30=$A15)*(Cronograma!$B$2:$B$30=FALSE))>0))>0),(((SUMPRODUCT((Cronograma!E$2:E$30=$A15)*1)=0)*NOT(SUMPRODUCT((Cronograma!D$2:D$30=$A15)*(Cronograma!$B$2:$B$30=TRUE))>0))+((SUMPRODUCT((Cronograma!E$2:E$30=$A15)*1)=0)*NOT(SUMPRODUCT((Cronograma!F$2:F$30=$A15)*(Cronograma!$B$2:$B$30=FALSE))>0))>0),(((SUMPRODUCT((Cronograma!F$2:F$30=$A15)*1)=0)*NOT(SUMPRODUCT((Cronograma!E$2:E$30=$A15)*(Cronograma!$B$2:$B$30=TRUE))>0))+((SUMPRODUCT((Cronograma!F$2:F$30=$A15)*1)=0)*NOT(SUMPRODUCT((Cronograma!G$2:G$30=$A15)*(Cronograma!$B$2:$B$30=FALSE))>0))>0),(((SUMPRODUCT((Cronograma!G$2:G$30=$A15)*1)=0)*NOT(SUMPRODUCT((Cronograma!F$2:F$30=$A15)*(Cronograma!$B$2:$B$30=TRUE))>0))+((SUMPRODUCT((Cronograma!G$2:G$30=$A15)*1)=0)*NOT(SUMPRODUCT((Cronograma!H$2:H$30=$A15)*(Cronograma!$B$2:$B$30=FALSE))>0))>0),(((SUMPRODUCT((Cronograma!H$2:H$30=$A15)*1)=0)*NOT(SUMPRODUCT((Cronograma!G$2:G$30=$A15)*(Cronograma!$B$2:$B$30=TRUE))>0))+((SUMPRODUCT((Cronograma!H$2:H$30=$A15)*1)=0)*NOT(SUMPRODUCT((Cronograma!I$2:I$30=$A15)*(Cronograma!$B$2:$B$30=FALSE))>0))>0),(((SUMPRODUCT((Cronograma!I$2:I$30=$A15)*1)=0)*NOT(SUMPRODUCT((Cronograma!H$2:H$30=$A15)*(Cronograma!$B$2:$B$30=TRUE))>0))+((SUMPRODUCT((Cronograma!I$2:I$30=$A15)*1)=0)*NOT(SUMPRODUCT((Cronograma!J$2:J$30=$A15)*(Cronograma!$B$2:$B$30=FALSE))>0))>0),(((SUMPRODUCT((Cronograma!J$2:J$30=$A15)*1)=0)*NOT(SUMPRODUCT((Cronograma!I$2:I$30=$A15)*(Cronograma!$B$2:$B$30=TRUE))>0))+((SUMPRODUCT((Cronograma!J$2:J$30=$A15)*1)=0)*NOT(SUMPRODUCT((Cronograma!K$2:K$30=$A15)*(Cronograma!$B$2:$B$30=FALSE))>0))>0),(((SUMPRODUCT((Cronograma!K$2:K$30=$A15)*1)=0)*NOT(SUMPRODUCT((Cronograma!J$2:J$30=$A15)*(Cronograma!$B$2:$B$30=TRUE))>0))+((SUMPRODUCT((Cronograma!K$2:K$30=$A15)*1)=0)*NOT(SUMPRODUCT((Cronograma!L$2:L$30=$A15)*(Cronograma!$B$2:$B$30=FALSE))>0))>0),(((SUMPRODUCT((Cronograma!L$2:L$30=$A15)*1)=0)*NOT(SUMPRODUCT((Cronograma!K$2:K$30=$A15)*(Cronograma!$B$2:$B$30=TRUE))>0))+((SUMPRODUCT((Cronograma!L$2:L$30=$A15)*1)=0)*NOT(SUMPRODUCT((Cronograma!M$2:M$30=$A15)*(Cronograma!$B$2:$B$30=FALSE))>0))>0),(((SUMPRODUCT((Cronograma!M$2:M$30=$A15)*1)=0)*NOT(SUMPRODUCT((Cronograma!L$2:L$30=$A15)*(Cronograma!$B$2:$B$30=TRUE))>0))+((SUMPRODUCT((Cronograma!M$2:M$30=$A15)*1)=0)*NOT(SUMPRODUCT((Cronograma!N$2:N$30=$A15)*(Cronograma!$B$2:$B$30=FALSE))>0))>0),(((SUMPRODUCT((Cronograma!N$2:N$30=$A15)*1)=0)*NOT(SUMPRODUCT((Cronograma!M$2:M$30=$A15)*(Cronograma!$B$2:$B$30=TRUE))>0))+((SUMPRODUCT((Cronograma!N$2:N$30=$A15)*1)=0)*NOT(SUMPRODUCT((Cronograma!O$2:O$30=$A15)*(Cronograma!$B$2:$B$30=FALSE))>0))>0),(((SUMPRODUCT((Cronograma!O$2:O$30=$A15)*1)=0)*NOT(SUMPRODUCT((Cronograma!N$2:N$30=$A15)*(Cronograma!$B$2:$B$30=TRUE))>0))+((SUMPRODUCT((Cronograma!O$2:O$30=$A15)*1)=0)*NOT(SUMPRODUCT((Cronograma!P$2:P$30=$A15)*(Cronograma!$B$2:$B$30=FALSE))>0))>0),(((SUMPRODUCT((Cronograma!P$2:P$30=$A15)*1)=0)*NOT(SUMPRODUCT((Cronograma!O$2:O$30=$A15)*(Cronograma!$B$2:$B$30=TRUE))>0))+((SUMPRODUCT((Cronograma!P$2:P$30=$A15)*1)=0)*NOT(SUMPRODUCT((Cronograma!Q$2:Q$30=$A15)*(Cronograma!$B$2:$B$30=FALSE))>0))>0),((SUMPRODUCT((Cronograma!Q$2:Q$30=$A15)*1)=0)*NOT(SUMPRODUCT((Cronograma!P$2:P$30=$A15)*(Cronograma!$B$2:$B$30=TRUE))>0))) -> 0 | E15: {=_xlfn.XLOOKUP("Martha",Cronograma!C2:C30,Cronograma!A2:A30,"")} -> 0 | F15: {=_xlfn.XLOOKUP("Martha",Cronograma!D2:D30,Cronograma!A2:A30,"")} -> 0 | G15: {=_xlfn.XLOOKUP("Martha",Cronograma!E2:E30,Cronograma!A2:A30,"")} -> 0 | H15: {=_xlfn.XLOOKUP("Martha",Cronograma!F2:F30,Cronograma!A2:A30,"")} -> 0 | I15: {=_xlfn.XLOOKUP("Martha",Cronograma!G2:G30,Cronograma!A2:A30,"")} -> 0 | J15: {=_xlfn.XLOOKUP("Martha",Cronograma!H2:H30,Cronograma!A2:A30,"")} -> 0 | K15: {=_xlfn.XLOOKUP("Martha",Cronograma!I2:I30,Cronograma!A2:A30,"")} -> 0 | L15: {=_xlfn.XLOOKUP("Martha",Cronograma!J2:J30,Cronograma!A2:A30,"")} -> 0 | M15: {=_xlfn.XLOOKUP("Martha",Cronograma!K2:K30,Cronograma!A2:A30,"")} -> 0 | N15: {=_xlfn.XLOOKUP("Martha",Cronograma!L2:L30,Cronograma!A2:A30,"")} -> 0 | O15: {=_xlfn.XLOOKUP("Martha",Cronograma!M2:M30,Cronograma!A2:A30,"")} -> 0 | P15: {=_xlfn.XLOOKUP("Martha",Cronograma!N2:N30,Cronograma!A2:A30,"")} -> 0 | Q15: {=_xlfn.XLOOKUP("Martha",Cronograma!O2:O30,Cronograma!A2:A30,"")} -> 0 | R15: {=_xlfn.XLOOKUP("Martha",Cronograma!P2:P30,Cronograma!A2:A30,"")} -> 0 | S15: {=_xlfn.XLOOKUP("Martha",Cronograma!Q2:Q30,Cronograma!A2:A30,"")} -> 0
A16: Rosa Angelica | B16: =SUMPRODUCT((Cronograma!B2:B30=FALSE) * (COUNTIF(E16:S16, Cronograma!A2:A30))) -> 0 | C16: =SUMPRODUCT((Cronograma!B2:B30=TRUE) * (COUNTIF(E16:S16, Cronograma!A2:A30))) -> 0 | D16: =SUM(((SUMPRODUCT((Cronograma!C$2:C$30=$A16)*1)=0)*NOT(SUMPRODUCT((Cronograma!D$2:D$30=$A16)*(Cronograma!$B$2:$B$30=FALSE))>0)),(((SUMPRODUCT((Cronograma!D$2:D$30=$A16)*1)=0)*NOT(SUMPRODUCT((Cronograma!C$2:C$30=$A16)*(Cronograma!$B$2:$B$30=TRUE))>0))+((SUMPRODUCT((Cronograma!D$2:D$30=$A16)*1)=0)*NOT(SUMPRODUCT((Cronograma!E$2:E$30=$A16)*(Cronograma!$B$2:$B$30=FALSE))>0))>0),(((SUMPRODUCT((Cronograma!E$2:E$30=$A16)*1)=0)*NOT(SUMPRODUCT((Cronograma!D$2:D$30=$A16)*(Cronograma!$B$2:$B$30=TRUE))>0))+((SUMPRODUCT((Cronograma!E$2:E$30=$A16)*1)=0)*NOT(SUMPRODUCT((Cronograma!F$2:F$30=$A16)*(Cronograma!$B$2:$B$30=FALSE))>0))>0),(((SUMPRODUCT((Cronograma!F$2:F$30=$A16)*1)=0)*NOT(SUMPRODUCT((Cronograma!E$2:E$30=$A16)*(Cronograma!$B$2:$B$30=TRUE))>0))+((SUMPRODUCT((Cronograma!F$2:F$30=$A16)*1)=0)*NOT(SUMPRODUCT((Cronograma!G$2:G$30=$A16)*(Cronograma!$B$2:$B$30=FALSE))>0))>0),(((SUMPRODUCT((Cronograma!G$2:G$30=$A16)*1)=0)*NOT(SUMPRODUCT((Cronograma!F$2:F$30=$A16)*(Cronograma!$B$2:$B$30=TRUE))>0))+((SUMPRODUCT((Cronograma!G$2:G$30=$A16)*1)=0)*NOT(SUMPRODUCT((Cronograma!H$2:H$30=$A16)*(Cronograma!$B$2:$B$30=FALSE))>0))>0),(((SUMPRODUCT((Cronograma!H$2:H$30=$A16)*1)=0)*NOT(SUMPRODUCT((Cronograma!G$2:G$30=$A16)*(Cronograma!$B$2:$B$30=TRUE))>0))+((SUMPRODUCT((Cronograma!H$2:H$30=$A16)*1)=0)*NOT(SUMPRODUCT((Cronograma!I$2:I$30=$A16)*(Cronograma!$B$2:$B$30=FALSE))>0))>0),(((SUMPRODUCT((Cronograma!I$2:I$30=$A16)*1)=0)*NOT(SUMPRODUCT((Cronograma!H$2:H$30=$A16)*(Cronograma!$B$2:$B$30=TRUE))>0))+((SUMPRODUCT((Cronograma!I$2:I$30=$A16)*1)=0)*NOT(SUMPRODUCT((Cronograma!J$2:J$30=$A16)*(Cronograma!$B$2:$B$30=FALSE))>0))>0),(((SUMPRODUCT((Cronograma!J$2:J$30=$A16)*1)=0)*NOT(SUMPRODUCT((Cronograma!I$2:I$30=$A16)*(Cronograma!$B$2:$B$30=TRUE))>0))+((SUMPRODUCT((Cronograma!J$2:J$30=$A16)*1)=0)*NOT(SUMPRODUCT((Cronograma!K$2:K$30=$A16)*(Cronograma!$B$2:$B$30=FALSE))>0))>0),(((SUMPRODUCT((Cronograma!K$2:K$30=$A16)*1)=0)*NOT(SUMPRODUCT((Cronograma!J$2:J$30=$A16)*(Cronograma!$B$2:$B$30=TRUE))>0))+((SUMPRODUCT((Cronograma!K$2:K$30=$A16)*1)=0)*NOT(SUMPRODUCT((Cronograma!L$2:L$30=$A16)*(Cronograma!$B$2:$B$30=FALSE))>0))>0),(((SUMPRODUCT((Cronograma!L$2:L$30=$A16)*1)=0)*NOT(SUMPRODUCT((Cronograma!K$2:K$30=$A16)*(Cronograma!$B$2:$B$30=TRUE))>0))+((SUMPRODUCT((Cronograma!L$2:L$30=$A16)*1)=0)*NOT(SUMPRODUCT((Cronograma!M$2:M$30=$A16)*(Cronograma!$B$2:$B$30=FALSE))>0))>0),(((SUMPRODUCT((Cronograma!M$2:M$30=$A16)*1)=0)*NOT(SUMPRODUCT((Cronograma!L$2:L$30=$A16)*(Cronograma!$B$2:$B$30=TRUE))>0))+((SUMPRODUCT((Cronograma!M$2:M$30=$A16)*1)=0)*NOT(SUMPRODUCT((Cronograma!N$2:N$30=$A16)*(Cronograma!$B$2:$B$30=FALSE))>0))>0),(((SUMPRODUCT((Cronograma!N$2:N$30=$A16)*1)=0)*NOT(SUMPRODUCT((Cronograma!M$2:M$30=$A16)*(Cronograma!$B$2:$B$30=TRUE))>0))+((SUMPRODUCT((Cronograma!N$2:N$30=$A16)*1)=0)*NOT(SUMPRODUCT((Cronograma!O$2:O$30=$A16)*(Cronograma!$B$2:$B$30=FALSE))>0))>0),(((SUMPRODUCT((Cronograma!O$2:O$30=$A16)*1)=0)*NOT(SUMPRODUCT((Cronograma!N$2:N$30=$A16)*(Cronograma!$B$2:$B$30=TRUE))>0))+((SUMPRODUCT((Cronograma!O$2:O$30=$A16)*1)=0)*NOT(SUMPRODUCT((Cronograma!P$2:P$30=$A16)*(Cronograma!$B$2:$B$30=FALSE))>0))>0),(((SUMPRODUCT((Cronograma!P$2:P$30=$A16)*1)=0)*NOT(SUMPRODUCT((Cronograma!O$2:O$30=$A16)*(Cronograma!$B$2:$B$30=TRUE))>0))+((SUMPRODUCT((Cronograma!P$2:P$30=$A16)*1)=0)*NOT(SUMPRODUCT((Cronograma!Q$2:Q$30=$A16)*(Cronograma!$B$2:$B$30=FALSE))>0))>0),((SUMPRODUCT((Cronograma!Q$2:Q$30=$A16)*1)=0)*NOT(SUMPRODUCT((Cronograma!P$2:P$30=$A16)*(Cronograma!$B$2:$B$30=TRUE))>0))) -> 0 | E16: {=_xlfn.XLOOKUP("Rosa Angelica",Cronograma!C2:C30,Cronograma!A2:A30,"")} -> 0 | F16: {=_xlfn.XLOOKUP("Rosa Angelica",Cronograma!D2:D30,Cronograma!A2:A30,"")} -> 0 | G16: {=_xlfn.XLOOKUP("Rosa Angelica",Cronograma!E2:E30,Cronograma!A2:A30,"")} -> 0 | H16: {=_xlfn.XLOOKUP("Rosa Angelica",Cronograma!F2:F30,Cronograma!A2:A30,"")} -> 0 | I16: {=_xlfn.XLOOKUP("Rosa Angelica",Cronograma!G2:G30,Cronograma!A2:A30,"")} -> 0 | J16: {=_xlfn.XLOOKUP("Rosa Angelica",Cronograma!H2:H30,Cronograma!A2:A30,"")} -> 0 | K16: {=_xlfn.XLOOKUP("Rosa Angelica",Cronograma!I2:I30,Cronograma!A2:A30,"")} -> 0 | L16: {=_xlfn.XLOOKUP("Rosa Angelica",Cronograma!J2:J30,Cronograma!A2:A30,"")} -> 0 | M16: {=_xlfn.XLOOKUP("Rosa Angelica",Cronograma!K2:K30,Cronograma!A2:A30,"")} -> 0 | N16: {=_xlfn.XLOOKUP("Rosa Angelica",Cronograma!L2:L30,Cronograma!A2:A30,"")} -> 0 | O16: {=_xlfn.XLOOKUP("Rosa Angelica",Cronograma!M2:M30,Cronograma!A2:A30,"")} -> 0 | P16: {=_xlfn.XLOOKUP("Rosa Angelica",Cronograma!N2:N30,Cronograma!A2:A30,"")} -> 0 | Q16: {=_xlfn.XLOOKUP("Rosa Angelica",Cronograma!O2:O30,Cronograma!A2:A30,"")} -> 0 | R16: {=_xlfn.XLOOKUP("Rosa Angelica",Cronograma!P2:P30,Cronograma!A2:A30,"")} -> 0 | S16: {=_xlfn.XLOOKUP("Rosa Angelica",Cronograma!Q2:Q30,Cronograma!A2:A30,"")} -> 0
A17: Stefany | B17: =SUMPRODUCT((Cronograma!B2:B30=FALSE) * (COUNTIF(E17:S17, Cronograma!A2:A30))) -> 0 | C17: =SUMPRODUCT((Cronograma!B2:B30=TRUE) * (COUNTIF(E17:S17, Cronograma!A2:A30))) -> 0 | D17: =SUM(((SUMPRODUCT((Cronograma!C$2:C$30=$A17)*1)=0)*NOT(SUMPRODUCT((Cronograma!D$2:D$30=$A17)*(Cronograma!$B$2:$B$30=FALSE))>0)),(((SUMPRODUCT((Cronograma!D$2:D$30=$A17)*1)=0)*NOT(SUMPRODUCT((Cronograma!C$2:C$30=$A17)*(Cronograma!$B$2:$B$30=TRUE))>0))+((SUMPRODUCT((Cronograma!D$2:D$30=$A17)*1)=0)*NOT(SUMPRODUCT((Cronograma!E$2:E$30=$A17)*(Cronograma!$B$2:$B$30=FALSE))>0))>0),(((SUMPRODUCT((Cronograma!E$2:E$30=$A17)*1)=0)*NOT(SUMPRODUCT((Cronograma!D$2:D$30=$A17)*(Cronograma!$B$2:$B$30=TRUE))>0))+((SUMPRODUCT((Cronograma!E$2:E$30=$A17)*1)=0)*NOT(SUMPRODUCT((Cronograma!F$2:F$30=$A17)*(Cronograma!$B$2:$B$30=FALSE))>0))>0),(((SUMPRODUCT((Cronograma!F$2:F$30=$A17)*1)=0)*NOT(SUMPRODUCT((Cronograma!E$2:E$30=$A17)*(Cronograma!$B$2:$B$30=TRUE))>0))+((SUMPRODUCT((Cronograma!F$2:F$30=$A17)*1)=0)*NOT(SUMPRODUCT((Cronograma!G$2:G$30=$A17)*(Cronograma!$B$2:$B$30=FALSE))>0))>0),(((SUMPRODUCT((Cronograma!G$2:G$30=$A17)*1)=0)*NOT(SUMPRODUCT((Cronograma!F$2:F$30=$A17)*(Cronograma!$B$2:$B$30=TRUE))>0))+((SUMPRODUCT((Cronograma!G$2:G$30=$A17)*1)=0)*NOT(SUMPRODUCT((Cronograma!H$2:H$30=$A17)*(Cronograma!$B$2:$B$30=FALSE))>0))>0),(((SUMPRODUCT((Cronograma!H$2:H$30=$A17)*1)=0)*NOT(SUMPRODUCT((Cronograma!G$2:G$30=$A17)*(Cronograma!$B$2:$B$30=TRUE))>0))+((SUMPRODUCT((Cronograma!H$2:H$30=$A17)*1)=0)*NOT(SUMPRODUCT((Cronograma!I$2:I$30=$A17)*(Cronograma!$B$2:$B$30=FALSE))>0))>0),(((SUMPRODUCT((Cronograma!I$2:I$30=$A17)*1)=0)*NOT(SUMPRODUCT((Cronograma!H$2:H$30=$A17)*(Cronograma!$B$2:$B$30=TRUE))>0))+((SUMPRODUCT((Cronograma!I$2:I$30=$A17)*1)=0)*NOT(SUMPRODUCT((Cronograma!J$2:J$30=$A17)*(Cronograma!$B$2:$B$30=FALSE))>0))>0),(((SUMPRODUCT((Cronograma!J$2:J$30=$A17)*1)=0)*NOT(SUMPRODUCT((Cronograma!I$2:I$30=$A17)*(Cronograma!$B$2:$B$30=TRUE))>0))+((SUMPRODUCT((Cronograma!J$2:J$30=$A17)*1)=0)*NOT(SUMPRODUCT((Cronograma!K$2:K$30=$A17)*(Cronograma!$B$2:$B$30=FALSE))>0))>0),(((SUMPRODUCT((Cronograma!K$2:K$30=$A17)*1)=0)*NOT(SUMPRODUCT((Cronograma!J$2:J$30=$A17)*(Cronograma!$B$2:$B$30=TRUE))>0))+((SUMPRODUCT((Cronograma!K$2:K$30=$A17)*1)=0)*NOT(SUMPRODUCT((Cronograma!L$2:L$30=$A17)*(Cronograma!$B$2:$B$30=FALSE))>0))>0),(((SUMPRODUCT((Cronograma!L$2:L$30=$A17)*1)=0)*NOT(SUMPRODUCT((Cronograma!K$2:K$30=$A17)*(Cronograma!$B$2:$B$30=TRUE))>0))+((SUMPRODUCT((Cronograma!L$2:L$30=$A17)*1)=0)*NOT(SUMPRODUCT((Cronograma!M$2:M$30=$A17)*(Cronograma!$B$2:$B$30=FALSE))>0))>0),(((SUMPRODUCT((Cronograma!M$2:M$30=$A17)*1)=0)*NOT(SUMPRODUCT((Cronograma!L$2:L$30=$A17)*(Cronograma!$B$2:$B$30=TRUE))>0))+((SUMPRODUCT((Cronograma!M$2:M$30=$A17)*1)=0)*NOT(SUMPRODUCT((Cronograma!N$2:N$30=$A17)*(Cronograma!$B$2:$B$30=FALSE))>0))>0),(((SUMPRODUCT((Cronograma!N$2:N$30=$A17)*1)=0)*NOT(SUMPRODUCT((Cronograma!M$2:M$30=$A17)*(Cronograma!$B$2:$B$30=TRUE))>0))+((SUMPRODUCT((Cronograma!N$2:N$30=$A17)*1)=0)*NOT(SUMPRODUCT((Cronograma!O$2:O$30=$A17)*(Cronograma!$B$2:$B$30=FALSE))>0))>0),(((SUMPRODUCT((Cronograma!O$2:O$30=$A17)*1)=0)*NOT(SUMPRODUCT((Cronograma!N$2:N$30=$A17)*(Cronograma!$B$2:$B$30=TRUE))>0))+((SUMPRODUCT((Cronograma!O$2:O$30=$A17)*1)=0)*NOT(SUMPRODUCT((Cronograma!P$2:P$30=$A17)*(Cronograma!$B$2:$B$30=FALSE))>0))>0),(((SUMPRODUCT((Cronograma!P$2:P$30=$A17)*1)=0)*NOT(SUMPRODUCT((Cronograma!O$2:O$30=$A17)*(Cronograma!$B$2:$B$30=TRUE))>0))+((SUMPRODUCT((Cronograma!P$2:P$30=$A17)*1)=0)*NOT(SUMPRODUCT((Cronograma!Q$2:Q$30=$A17)*(Cronograma!$B$2:$B$30=FALSE))>0))>0),((SUMPRODUCT((Cronograma!Q$2:Q$30=$A17)*1)=0)*NOT(SUMPRODUCT((Cronograma!P$2:P$30=$A17)*(Cronograma!$B$2:$B$30=TRUE))>0))) -> 0 | E17: {=_xlfn.XLOOKUP("Stefany",Cronograma!C2:C30,Cronograma!A2:A30,"")} -> 0 | F17: {=_xlfn.XLOOKUP("Stefany",Cronograma!D2:D30,Cronograma!A2:A30,"")} -> 0 | G17: {=_xlfn.XLOOKUP("Stefany",Cronograma!E2:E30,Cronograma!A2:A30,"")} -> 0 | H17: {=_xlfn.XLOOKUP("Stefany",Cronograma!F2:F30,Cronograma!A2:A30,"")} -> 0 | I17: {=_xlfn.XLOOKUP("Stefany",Cronograma!G2:G30,Cronograma!A2:A30,"")} -> 0 | J17: {=_xlfn.XLOOKUP("Stefany",Cronograma!H2:H30,Cronograma!A2:A30,"")} -> 0 | K17: {=_xlfn.XLOOKUP("Stefany",Cronograma!I2:I30,Cronograma!A2:A30,"")} -> 0 | L17: {=_xlfn.XLOOKUP("Stefany",Cronograma!J2:J30,Cronograma!A2:A30,"")} -> 0 | M17: {=_xlfn.XLOOKUP("Stefany",Cronograma!K2:K30,Cronograma!A2:A30,"")} -> 0 | N17: {=_xlfn.XLOOKUP("Stefany",Cronograma!L2:L30,Cronograma!A2:A30,"")} -> 0 | O17: {=_xlfn.XLOOKUP("Stefany",Cronograma!M2:M30,Cronograma!A2:A30,"")} -> 0 | P17: {=_xlfn.XLOOKUP("Stefany",Cronograma!N2:N30,Cronograma!A2:A30,"")} -> 0 | Q17: {=_xlfn.XLOOKUP("Stefany",Cronograma!O2:O30,Cronograma!A2:A30,"")} -> 0 | R17: {=_xlfn.XLOOKUP("Stefany",Cronograma!P2:P30,Cronograma!A2:A30,"")} -> 0 | S17: {=_xlfn.XLOOKUP("Stefany",Cronograma!Q2:Q30,Cronograma!A2:A30,"")} -> 0
A18: Victor Julio | B18: =SUMPRODUCT((Cronograma!B2:B30=FALSE) * (COUNTIF(E18:S18, Cronograma!A2:A30))) -> 0 | C18: =SUMPRODUCT((Cronograma!B2:B30=TRUE) * (COUNTIF(E18:S18, Cronograma!A2:A30))) -> 0 | D18: =SUM(((SUMPRODUCT((Cronograma!C$2:C$30=$A18)*1)=0)*NOT(SUMPRODUCT((Cronograma!D$2:D$30=$A18)*(Cronograma!$B$2:$B$30=FALSE))>0)),(((SUMPRODUCT((Cronograma!D$2:D$30=$A18)*1)=0)*NOT(SUMPRODUCT((Cronograma!C$2:C$30=$A18)*(Cronograma!$B$2:$B$30=TRUE))>0))+((SUMPRODUCT((Cronograma!D$2:D$30=$A18)*1)=0)*NOT(SUMPRODUCT((Cronograma!E$2:E$30=$A18)*(Cronograma!$B$2:$B$30=FALSE))>0))>0),(((SUMPRODUCT((Cronograma!E$2:E$30=$A18)*1)=0)*NOT(SUMPRODUCT((Cronograma!D$2:D$30=$A18)*(Cronograma!$B$2:$B$30=TRUE))>0))+((SUMPRODUCT((Cronograma!E$2:E$30=$A18)*1)=0)*NOT(SUMPRODUCT((Cronograma!F$2:F$30=$A18)*(Cronograma!$B$2:$B$30=FALSE))>0))>0),(((SUMPRODUCT((Cronograma!F$2:F$30=$A18)*1)=0)*NOT(SUMPRODUCT((Cronograma!E$2:E$30=$A18)*(Cronograma!$B$2:$B$30=TRUE))>0))+((SUMPRODUCT((Cronograma!F$2:F$30=$A18)*1)=0)*NOT(SUMPRODUCT((Cronograma!G$2:G$30=$A18)*(Cronograma!$B$2:$B$30=FALSE))>0))>0),(((SUMPRODUCT((Cronograma!G$2:G$30=$A18)*1)=0)*NOT(SUMPRODUCT((Cronograma!F$2:F$30=$A18)*(Cronograma!$B$2:$B$30=TRUE))>0))+((SUMPRODUCT((Cronograma!G$2:G$30=$A18)*1)=0)*NOT(SUMPRODUCT((Cronograma!H$2:H$30=$A18)*(Cronograma!$B$2:$B$30=FALSE))>0))>0),(((SUMPRODUCT((Cronograma!H$2:H$30=$A18)*1)=0)*NOT(SUMPRODUCT((Cronograma!G$2:G$30=$A18)*(Cronograma!$B$2:$B$30=TRUE))>0))+((SUMPRODUCT((Cronograma!H$2:H$30=$A18)*1)=0)*NOT(SUMPRODUCT((Cronograma!I$2:I$30=$A18)*(Cronograma!$B$2:$B$30=FALSE))>0))>0),(((SUMPRODUCT((Cronograma!I$2:I$30=$A18)*1)=0)*NOT(SUMPRODUCT((Cronograma!H$2:H$30=$A18)*(Cronograma!$B$2:$B$30=TRUE))>0))+((SUMPRODUCT((Cronograma!I$2:I$30=$A18)*1)=0)*NOT(SUMPRODUCT((Cronograma!J$2:J$30=$A18)*(Cronograma!$B$2:$B$30=FALSE))>0))>0),(((SUMPRODUCT((Cronograma!J$2:J$30=$A18)*1)=0)*NOT(SUMPRODUCT((Cronograma!I$2:I$30=$A18)*(Cronograma!$B$2:$B$30=TRUE))>0))+((SUMPRODUCT((Cronograma!J$2:J$30=$A18)*1)=0)*NOT(SUMPRODUCT((Cronograma!K$2:K$30=$A18)*(Cronograma!$B$2:$B$30=FALSE))>0))>0),(((SUMPRODUCT((Cronograma!K$2:K$30=$A18)*1)=0)*NOT(SUMPRODUCT((Cronograma!J$2:J$30=$A18)*(Cronograma!$B$2:$B$30=TRUE))>0))+((SUMPRODUCT((Cronograma!K$2:K$30=$A18)*1)=0)*NOT(SUMPRODUCT((Cronograma!L$2:L$30=$A18)*(Cronograma!$B$2:$B$30=FALSE))>0))>0),(((SUMPRODUCT((Cronograma!L$2:L$30=$A18)*1)=0)*NOT(SUMPRODUCT((Cronograma!K$2:K$30=$A18)*(Cronograma!$B$2:$B$30=TRUE))>0))+((SUMPRODUCT((Cronograma!L$2:L$30=$A18)*1)=0)*NOT(SUMPRODUCT((Cronograma!M$2:M$30=$A18)*(Cronograma!$B$2:$B$30=FALSE))>0))>0),(((SUMPRODUCT((Cronograma!M$2:M$30=$A18)*1)=0)*NOT(SUMPRODUCT((Cronograma!L$2:L$30=$A18)*(Cronograma!$B$2:$B$30=TRUE))>0))+((SUMPRODUCT((Cronograma!M$2:M$30=$A18)*1)=0)*NOT(SUMPRODUCT((Cronograma!N$2:N$30=$A18)*(Cronograma!$B$2:$B$30=FALSE))>0))>0),(((SUMPRODUCT((Cronograma!N$2:N$30=$A18)*1)=0)*NOT(SUMPRODUCT((Cronograma!M$2:M$30=$A18)*(Cronograma!$B$2:$B$30=TRUE))>0))+((SUMPRODUCT((Cronograma!N$2:N$30=$A18)*1)=0)*NOT(SUMPRODUCT((Cronograma!O$2:O$30=$A18)*(Cronograma!$B$2:$B$30=FALSE))>0))>0),(((SUMPRODUCT((Cronograma!O$2:O$30=$A18)*1)=0)*NOT(SUMPRODUCT((Cronograma!N$2:N$30=$A18)*(Cronograma!$B$2:$B$30=TRUE))>0))+((SUMPRODUCT((Cronograma!O$2:O$30=$A18)*1)=0)*NOT(SUMPRODUCT((Cronograma!P$2:P$30=$A18)*(Cronograma!$B$2:$B$30=FALSE))>0))>0),(((SUMPRODUCT((Cronograma!P$2:P$30=$A18)*1)=0)*NOT(SUMPRODUCT((Cronograma!O$2:O$30=$A18)*(Cronograma!$B$2:$B$30=TRUE))>0))+((SUMPRODUCT((Cronograma!P$2:P$30=$A18)*1)=0)*NOT(SUMPRODUCT((Cronograma!Q$2:Q$30=$A18)*(Cronograma!$B$2:$B$30=FALSE))>0))>0),((SUMPRODUCT((Cronograma!Q$2:Q$30=$A18)*1)=0)*NOT(SUMPRODUCT((Cronograma!P$2:P$30=$A18)*(Cronograma!$B$2:$B$30=TRUE))>0))) -> 0 | E18: {=_xlfn.XLOOKUP("Victor Julio",Cronograma!C2:C30,Cronograma!A2:A30,"")} -> 0 | F18: {=_xlfn.XLOOKUP("Victor Julio",Cronograma!D2:D30,Cronograma!A2:A30,"")} -> 0 | G18: {=_xlfn.XLOOKUP("Victor Julio",Cronograma!E2:E30,Cronograma!A2:A30,"")} -> 0 | H18: {=_xlfn.XLOOKUP("Victor Julio",Cronograma!F2:F30,Cronograma!A2:A30,"")} -> 0 | I18: {=_xlfn.XLOOKUP("Victor Julio",Cronograma!G2:G30,Cronograma!A2:A30,"")} -> 0 | J18: {=_xlfn.XLOOKUP("Victor Julio",Cronograma!H2:H30,Cronograma!A2:A30,"")} -> 0 | K18: {=_xlfn.XLOOKUP("Victor Julio",Cronograma!I2:I30,Cronograma!A2:A30,"")} -> 0 | L18: {=_xlfn.XLOOKUP("Victor Julio",Cronograma!J2:J30,Cronograma!A2:A30,"")} -> 0 | M18: {=_xlfn.XLOOKUP("Victor Julio",Cronograma!K2:K30,Cronograma!A2:A30,"")} -> 0 | N18: {=_xlfn.XLOOKUP("Victor Julio",Cronograma!L2:L30,Cronograma!A2:A30,"")} -> 0 | O18: {=_xlfn.XLOOKUP("Victor Julio",Cronograma!M2:M30,Cronograma!A2:A30,"")} -> 0 | P18: {=_xlfn.XLOOKUP("Victor Julio",Cronograma!N2:N30,Cronograma!A2:A30,"")} -> 0 | Q18: {=_xlfn.XLOOKUP("Victor Julio",Cronograma!O2:O30,Cronograma!A2:A30,"")} -> 0 | R18: {=_xlfn.XLOOKUP("Victor Julio",Cronograma!P2:P30,Cronograma!A2:A30,"")} -> 0 | S18: {=_xlfn.XLOOKUP("Victor Julio",Cronograma!Q2:Q30,Cronograma!A2:A30,"")} -> 0
A19: Xiomara | B19: =SUMPRODUCT((Cronograma!B2:B30=FALSE) * (COUNTIF(E19:S19, Cronograma!A2:A30))) -> 0 | C19: =SUMPRODUCT((Cronograma!B2:B30=TRUE) * (COUNTIF(E19:S19, Cronograma!A2:A30))) -> 0 | D19: =SUM(((SUMPRODUCT((Cronograma!C$2:C$30=$A19)*1)=0)*NOT(SUMPRODUCT((Cronograma!D$2:D$30=$A19)*(Cronograma!$B$2:$B$30=FALSE))>0)),(((SUMPRODUCT((Cronograma!D$2:D$30=$A19)*1)=0)*NOT(SUMPRODUCT((Cronograma!C$2:C$30=$A19)*(Cronograma!$B$2:$B$30=TRUE))>0))+((SUMPRODUCT((Cronograma!D$2:D$30=$A19)*1)=0)*NOT(SUMPRODUCT((Cronograma!E$2:E$30=$A19)*(Cronograma!$B$2:$B$30=FALSE))>0))>0),(((SUMPRODUCT((Cronograma!E$2:E$30=$A19)*1)=0)*NOT(SUMPRODUCT((Cronograma!D$2:D$30=$A19)*(Cronograma!$B$2:$B$30=TRUE))>0))+((SUMPRODUCT((Cronograma!E$2:E$30=$A19)*1)=0)*NOT(SUMPRODUCT((Cronograma!F$2:F$30=$A19)*(Cronograma!$B$2:$B$30=FALSE))>0))>0),(((SUMPRODUCT((Cronograma!F$2:F$30=$A19)*1)=0)*NOT(SUMPRODUCT((Cronograma!E$2:E$30=$A19)*(Cronograma!$B$2:$B$30=TRUE))>0))+((SUMPRODUCT((Cronograma!F$2:F$30=$A19)*1)=0)*NOT(SUMPRODUCT((Cronograma!G$2:G$30=$A19)*(Cronograma!$B$2:$B$30=FALSE))>0))>0),(((SUMPRODUCT((Cronograma!G$2:G$30=$A19)*1)=0)*NOT(SUMPRODUCT((Cronograma!F$2:F$30=$A19)*(Cronograma!$B$2:$B$30=TRUE))>0))+((SUMPRODUCT((Cronograma!G$2:G$30=$A19)*1)=0)*NOT(SUMPRODUCT((Cronograma!H$2:H$30=$A19)*(Cronograma!$B$2:$B$30=FALSE))>0))>0),(((SUMPRODUCT((Cronograma!H$2:H$30=$A19)*1)=0)*NOT(SUMPRODUCT((Cronograma!G$2:G$30=$A19)*(Cronograma!$B$2:$B$30=TRUE))>0))+((SUMPRODUCT((Cronograma!H$2:H$30=$A19)*1)=0)*NOT(SUMPRODUCT((Cronograma!I$2:I$30=$A19)*(Cronograma!$B$2:$B$30=FALSE))>0))>0),(((SUMPRODUCT((Cronograma!I$2:I$30=$A19)*1)=0)*NOT(SUMPRODUCT((Cronograma!H$2:H$30=$A19)*(Cronograma!$B$2:$B$30=TRUE))>0))+((SUMPRODUCT((Cronograma!I$2:I$30=$A19)*1)=0)*NOT(SUMPRODUCT((Cronograma!J$2:J$30=$A19)*(Cronograma!$B$2:$B$30=FALSE))>0))>0),(((SUMPRODUCT((Cronograma!J$2:J$30=$A19)*1)=0)*NOT(SUMPRODUCT((Cronograma!I$2:I$30=$A19)*(Cronograma!$B$2:$B$30=TRUE))>0))+((SUMPRODUCT((Cronograma!J$2:J$30=$A19)*1)=0)*NOT(SUMPRODUCT((Cronograma!K$2:K$30=$A19)*(Cronograma!$B$2:$B$30=FALSE))>0))>0),(((SUMPRODUCT((Cronograma!K$2:K$30=$A19)*1)=0)*NOT(SUMPRODUCT((Cronograma!J$2:J$30=$A19)*(Cronograma!$B$2:$B$30=TRUE))>0))+((SUMPRODUCT((Cronograma!K$2:K$30=$A19)*1)=0)*NOT(SUMPRODUCT((Cronograma!L$2:L$30=$A19)*(Cronograma!$B$2:$B$30=FALSE))>0))>0),(((SUMPRODUCT((Cronograma!L$2:L$30=$A19)*1)=0)*NOT(SUMPRODUCT((Cronograma!K$2:K$30=$A19)*(Cronograma!$B$2:$B$30=TRUE))>0))+((SUMPRODUCT((Cronograma!L$2:L$30=$A19)*1)=0)*NOT(SUMPRODUCT((Cronograma!M$2:M$30=$A19)*(Cronograma!$B$2:$B$30=FALSE))>0))>0),(((SUMPRODUCT((Cronograma!M$2:M$30=$A19)*1)=0)*NOT(SUMPRODUCT((Cronograma!L$2:L$30=$A19)*(Cronograma!$B$2:$B$30=TRUE))>0))+((SUMPRODUCT((Cronograma!M$2:M$30=$A19)*1)=0)*NOT(SUMPRODUCT((Cronograma!N$2:N$30=$A19)*(Cronograma!$B$2:$B$30=FALSE))>0))>0),(((SUMPRODUCT((Cronograma!N$2:N$30=$A19)*1)=0)*NOT(SUMPRODUCT((Cronograma!M$2:M$30=$A19)*(Cronograma!$B$2:$B$30=TRUE))>0))+((SUMPRODUCT((Cronograma!N$2:N$30=$A19)*1)=0)*NOT(SUMPRODUCT((Cronograma!O$2:O$30=$A19)*(Cronograma!$B$2:$B$30=FALSE))>0))>0),(((SUMPRODUCT((Cronograma!O$2:O$30=$A19)*1)=0)*NOT(SUMPRODUCT((Cronograma!N$2:N$30=$A19)*(Cronograma!$B$2:$B$30=TRUE))>0))+((SUMPRODUCT((Cronograma!O$2:O$30=$A19)*1)=0)*NOT(SUMPRODUCT((Cronograma!P$2:P$30=$A19)*(Cronograma!$B$2:$B$30=FALSE))>0))>0),(((SUMPRODUCT((Cronograma!P$2:P$30=$A19)*1)=0)*NOT(SUMPRODUCT((Cronograma!O$2:O$30=$A19)*(Cronograma!$B$2:$B$30=TRUE))>0))+((SUMPRODUCT((Cronograma!P$2:P$30=$A19)*1)=0)*NOT(SUMPRODUCT((Cronograma!Q$2:Q$30=$A19)*(Cronograma!$B$2:$B$30=FALSE))>0))>0),((SUMPRODUCT((Cronograma!Q$2:Q$30=$A19)*1)=0)*NOT(SUMPRODUCT((Cronograma!P$2:P$30=$A19)*(Cronograma!$B$2:$B$30=TRUE))>0))) -> 0 | E19: {=_xlfn.XLOOKUP("Xiomara",Cronograma!C2:C30,Cronograma!A2:A30,"")} -> 0 | F19: {=_xlfn.XLOOKUP("Xiomara",Cronograma!D2:D30,Cronograma!A2:A30,"")} -> 0 | G19: {=_xlfn.XLOOKUP("Xiomara",Cronograma!E2:E30,Cronograma!A2:A30,"")} -> 0 | H19: {=_xlfn.XLOOKUP("Xiomara",Cronograma!F2:F30,Cronograma!A2:A30,"")} -> 0 | I19: {=_xlfn.XLOOKUP("Xiomara",Cronograma!G2:G30,Cronograma!A2:A30,"")} -> 0 | J19: {=_xlfn.XLOOKUP("Xiomara",Cronograma!H2:H30,Cronograma!A2:A30,"")} -> 0 | K19: {=_xlfn.XLOOKUP("Xiomara",Cronograma!I2:I30,Cronograma!A2:A30,"")} -> 0 | L19: {=_xlfn.XLOOKUP("Xiomara",Cronograma!J2:J30,Cronograma!A2:A30,"")} -> 0 | M19: {=_xlfn.XLOOKUP("Xiomara",Cronograma!K2:K30,Cronograma!A2:A30,"")} -> 0 | N19: {=_xlfn.XLOOKUP("Xiomara",Cronograma!L2:L30,Cronograma!A2:A30,"")} -> 0 | O19: {=_xlfn.XLOOKUP("Xiomara",Cronograma!M2:M30,Cronograma!A2:A30,"")} -> 0 | P19: {=_xlfn.XLOOKUP("Xiomara",Cronograma!N2:N30,Cronograma!A2:A30,"")} -> 0 | Q19: {=_xlfn.XLOOKUP("Xiomara",Cronograma!O2:O30,Cronograma!A2:A30,"")} -> 0 | R19: {=_xlfn.XLOOKUP("Xiomara",Cronograma!P2:P30,Cronograma!A2:A30,"")} -> 0 | S19: {=_xlfn.XLOOKUP("Xiomara",Cronograma!Q2:Q30,Cronograma!A2:A30,"")} -> 0
A20: Yenifer | B20: =SUMPRODUCT((Cronograma!B2:B30=FALSE) * (COUNTIF(E20:S20, Cronograma!A2:A30))) -> 0 | C20: =SUMPRODUCT((Cronograma!B2:B30=TRUE) * (COUNTIF(E20:S20, Cronograma!A2:A30))) -> 0 | D20: =SUM(((SUMPRODUCT((Cronograma!C$2:C$30=$A20)*1)=0)*NOT(SUMPRODUCT((Cronograma!D$2:D$30=$A20)*(Cronograma!$B$2:$B$30=FALSE))>0)),(((SUMPRODUCT((Cronograma!D$2:D$30=$A20)*1)=0)*NOT(SUMPRODUCT((Cronograma!C$2:C$30=$A20)*(Cronograma!$B$2:$B$30=TRUE))>0))+((SUMPRODUCT((Cronograma!D$2:D$30=$A20)*1)=0)*NOT(SUMPRODUCT((Cronograma!E$2:E$30=$A20)*(Cronograma!$B$2:$B$30=FALSE))>0))>0),(((SUMPRODUCT((Cronograma!E$2:E$30=$A20)*1)=0)*NOT(SUMPRODUCT((Cronograma!D$2:D$30=$A20)*(Cronograma!$B$2:$B$30=TRUE))>0))+((SUMPRODUCT((Cronograma!E$2:E$30=$A20)*1)=0)*NOT(SUMPRODUCT((Cronograma!F$2:F$30=$A20)*(Cronograma!$B$2:$B$30=FALSE))>0))>0),(((SUMPRODUCT((Cronograma!F$2:F$30=$A20)*1)=0)*NOT(SUMPRODUCT((Cronograma!E$2:E$30=$A20)*(Cronograma!$B$2:$B$30=TRUE))>0))+((SUMPRODUCT((Cronograma!F$2:F$30=$A20)*1)=0)*NOT(SUMPRODUCT((Cronograma!G$2:G$30=$A20)*(Cronograma!$B$2:$B$30=FALSE))>0))>0),(((SUMPRODUCT((Cronograma!G$2:G$30=$A20)*1)=0)*NOT(SUMPRODUCT((Cronograma!F$2:F$30=$A20)*(Cronograma!$B$2:$B$30=TRUE))>0))+((SUMPRODUCT((Cronograma!G$2:G$30=$A20)*1)=0)*NOT(SUMPRODUCT((Cronograma!H$2:H$30=$A20)*(Cronograma!$B$2:$B$30=FALSE))>0))>0),(((SUMPRODUCT((Cronograma!H$2:H$30=$A20)*1)=0)*NOT(SUMPRODUCT((Cronograma!G$2:G$30=$A20)*(Cronograma!$B$2:$B$30=TRUE))>0))+((SUMPRODUCT((Cronograma!H$2:H$30=$A20)*1)=0)*NOT(SUMPRODUCT((Cronograma!I$2:I$30=$A20)*(Cronograma!$B$2:$B$30=FALSE))>0))>0),(((SUMPRODUCT((Cronograma!I$2:I$30=$A20)*1)=0)*NOT(SUMPRODUCT((Cronograma!H$2:H$30=$A20)*(Cronograma!$B$2:$B$30=TRUE))>0))+((SUMPRODUCT((Cronograma!I$2:I$30=$A20)*1)=0)*NOT(SUMPRODUCT((Cronograma!J$2:J$30=$A20)*(Cronograma!$B$2:$B$30=FALSE))>0))>0),(((SUMPRODUCT((Cronograma!J$2:J$30=$A20)*1)=0)*NOT(SUMPRODUCT((Cronograma!I$2:I$30=$A20)*(Cronograma!$B$2:$B$30=TRUE))>0))+((SUMPRODUCT((Cronograma!J$2:J$30=$A20)*1)=0)*NOT(SUMPRODUCT((Cronograma!K$2:K$30=$A20)*(Cronograma!$B$2:$B$30=FALSE))>0))>0),(((SUMPRODUCT((Cronograma!K$2:K$30=$A20)*1)=0)*NOT(SUMPRODUCT((Cronograma!J$2:J$30=$A20)*(Cronograma!$B$2:$B$30=TRUE))>0))+((SUMPRODUCT((Cronograma!K$2:K$30=$A20)*1)=0)*NOT(SUMPRODUCT((Cronograma!L$2:L$30=$A20)*(Cronograma!$B$2:$B$30=FALSE))>0))>0),(((SUMPRODUCT((Cronograma!L$2:L$30=$A20)*1)=0)*NOT(SUMPRODUCT((Cronograma!K$2:K$30=$A20)*(Cronograma!$B$2:$B$30=TRUE))>0))+((SUMPRODUCT((Cronograma!L$2:L$30=$A20)*1)=0)*NOT(SUMPRODUCT((Cronograma!M$2:M$30=$A20)*(Cronograma!$B$2:$B$30=FALSE))>0))>0),(((SUMPRODUCT((Cronograma!M$2:M$30=$A20)*1)=0)*NOT(SUMPRODUCT((Cronograma!L$2:L$30=$A20)*(Cronograma!$B$2:$B$30=TRUE))>0))+((SUMPRODUCT((Cronograma!M$2:M$30=$A20)*1)=0)*NOT(SUMPRODUCT((Cronograma!N$2:N$30=$A20)*(Cronograma!$B$2:$B$30=FALSE))>0))>0),(((SUMPRODUCT((Cronograma!N$2:N$30=$A20)*1)=0)*NOT(SUMPRODUCT((Cronograma!M$2:M$30=$A20)*(Cronograma!$B$2:$B$30=TRUE))>0))+((SUMPRODUCT((Cronograma!N$2:N$30=$A20)*1)=0)*NOT(SUMPRODUCT((Cronograma!O$2:O$30=$A20)*(Cronograma!$B$2:$B$30=FALSE))>0))>0),(((SUMPRODUCT((Cronograma!O$2:O$30=$A20)*1)=0)*NOT(SUMPRODUCT((Cronograma!N$2:N$30=$A20)*(Cronograma!$B$2:$B$30=TRUE))>0))+((SUMPRODUCT((Cronograma!O$2:O$30=$A20)*1)=0)*NOT(SUMPRODUCT((Cronograma!P$2:P$30=$A20)*(Cronograma!$B$2:$B$30=FALSE))>0))>0),(((SUMPRODUCT((Cronograma!P$2:P$30=$A20)*1)=0)*NOT(SUMPRODUCT((Cronograma!O$2:O$30=$A20)*(Cronograma!$B$2:$B$30=TRUE))>0))+((SUMPRODUCT((Cronograma!P$2:P$30=$A20)*1)=0)*NOT(SUMPRODUCT((Cronograma!Q$2:Q$30=$A20)*(Cronograma!$B$2:$B$30=FALSE))>0))>0),((SUMPRODUCT((Cronograma!Q$2:Q$30=$A20)*1)=0)*NOT(SUMPRODUCT((Cronograma!P$2:P$30=$A20)*(Cronograma!$B$2:$B$30=TRUE))>0))) -> 0 | E20: {=_xlfn.XLOOKUP("Yenifer",Cronograma!C2:C30,Cronograma!A2:A30,"")} -> 0 | F20: {=_xlfn.XLOOKUP("Yenifer",Cronograma!D2:D30,Cronograma!A2:A30,"")} -> 0 | G20: {=_xlfn.XLOOKUP("Yenifer",Cronograma!E2:E30,Cronograma!A2:A30,"")} -> 0 | H20: {=_xlfn.XLOOKUP("Yenifer",Cronograma!F2:F30,Cronograma!A2:A30,"")} -> 0 | I20: {=_xlfn.XLOOKUP("Yenifer",Cronograma!G2:G30,Cronograma!A2:A30,"")} -> 0 | J20: {=_xlfn.XLOOKUP("Yenifer",Cronograma!H2:H30,Cronograma!A2:A30,"")} -> 0 | K20: {=_xlfn.XLOOKUP("Yenifer",Cronograma!I2:I30,Cronograma!A2:A30,"")} -> 0 | L20: {=_xlfn.XLOOKUP("Yenifer",Cronograma!J2:J30,Cronograma!A2:A30,"")} -> 0 | M20: {=_xlfn.XLOOKUP("Yenifer",Cronograma!K2:K30,Cronograma!A2:A30,"")} -> 0 | N20: {=_xlfn.XLOOKUP("Yenifer",Cronograma!L2:L30,Cronograma!A2:A30,"")} -> 0 | O20: {=_xlfn.XLOOKUP("Yenifer",Cronograma!M2:M30,Cronograma!A2:A30,"")} -> 0 | P20: {=_xlfn.XLOOKUP("Yenifer",Cronograma!N2:N30,Cronograma!A2:A30,"")} -> 0 | Q20: {=_xlfn.XLOOKUP("Yenifer",Cronograma!O2:O30,Cronograma!A2:A30,"")} -> 0 | R20: {=_xlfn.XLOOKUP("Yenifer",Cronograma!P2:P30,Cronograma!A2:A30,"")} -> 0 | S20: {=_xlfn.XLOOKUP("Yenifer",Cronograma!Q2:Q30,Cronograma!A2:A30,"")} -> 0
A21: Claudia Milena | B21: =SUMPRODUCT((Cronograma!B2:B30=FALSE) * (COUNTIF(E21:S21, Cronograma!A2:A30))) -> 0 | C21: =SUMPRODUCT((Cronograma!B2:B30=TRUE) * (COUNTIF(E21:S21, Cronograma!A2:A30))) -> 0 | D21: =SUM(((SUMPRODUCT((Cronograma!C$2:C$30=$A21)*1)=0)*NOT(SUMPRODUCT((Cronograma!D$2:D$30=$A21)*(Cronograma!$B$2:$B$30=FALSE))>0)),(((SUMPRODUCT((Cronograma!D$2:D$30=$A21)*1)=0)*NOT(SUMPRODUCT((Cronograma!C$2:C$30=$A21)*(Cronograma!$B$2:$B$30=TRUE))>0))+((SUMPRODUCT((Cronograma!D$2:D$30=$A21)*1)=0)*NOT(SUMPRODUCT((Cronograma!E$2:E$30=$A21)*(Cronograma!$B$2:$B$30=FALSE))>0))>0),(((SUMPRODUCT((Cronograma!E$2:E$30=$A21)*1)=0)*NOT(SUMPRODUCT((Cronograma!D$2:D$30=$A21)*(Cronograma!$B$2:$B$30=TRUE))>0))+((SUMPRODUCT((Cronograma!E$2:E$30=$A21)*1)=0)*NOT(SUMPRODUCT((Cronograma!F$2:F$30=$A21)*(Cronograma!$B$2:$B$30=FALSE))>0))>0),(((SUMPRODUCT((Cronograma!F$2:F$30=$A21)*1)=0)*NOT(SUMPRODUCT((Cronograma!E$2:E$30=$A21)*(Cronograma!$B$2:$B$30=TRUE))>0))+((SUMPRODUCT((Cronograma!F$2:F$30=$A21)*1)=0)*NOT(SUMPRODUCT((Cronograma!G$2:G$30=$A21)*(Cronograma!$B$2:$B$30=FALSE))>0))>0),(((SUMPRODUCT((Cronograma!G$2:G$30=$A21)*1)=0)*NOT(SUMPRODUCT((Cronograma!F$2:F$30=$A21)*(Cronograma!$B$2:$B$30=TRUE))>0))+((SUMPRODUCT((Cronograma!G$2:G$30=$A21)*1)=0)*NOT(SUMPRODUCT((Cronograma!H$2:H$30=$A21)*(Cronograma!$B$2:$B$30=FALSE))>0))>0),(((SUMPRODUCT((Cronograma!H$2:H$30=$A21)*1)=0)*NOT(SUMPRODUCT((Cronograma!G$2:G$30=$A21)*(Cronograma!$B$2:$B$30=TRUE))>0))+((SUMPRODUCT((Cronograma!H$2:H$30=$A21)*1)=0)*NOT(SUMPRODUCT((Cronograma!I$2:I$30=$A21)*(Cronograma!$B$2:$B$30=FALSE))>0))>0),(((SUMPRODUCT((Cronograma!I$2:I$30=$A21)*1)=0)*NOT(SUMPRODUCT((Cronograma!H$2:H$30=$A21)*(Cronograma!$B$2:$B$30=TRUE))>0))+((SUMPRODUCT((Cronograma!I$2:I$30=$A21)*1)=0)*NOT(SUMPRODUCT((Cronograma!J$2:J$30=$A21)*(Cronograma!$B$2:$B$30=FALSE))>0))>0),(((SUMPRODUCT((Cronograma!J$2:J$30=$A21)*1)=0)*NOT(SUMPRODUCT((Cronograma!I$2:I$30=$A21)*(Cronograma!$B$2:$B$30=TRUE))>0))+((SUMPRODUCT((Cronograma!J$2:J$30=$A21)*1)=0)*NOT(SUMPRODUCT((Cronograma!K$2:K$30=$A21)*(Cronograma!$B$2:$B$30=FALSE))>0))>0),(((SUMPRODUCT((Cronograma!K$2:K$30=$A21)*1)=0)*NOT(SUMPRODUCT((Cronograma!J$2:J$30=$A21)*(Cronograma!$B$2:$B$30=TRUE))>0))+((SUMPRODUCT((Cronograma!K$2:K$30=$A21)*1)=0)*NOT(SUMPRODUCT((Cronograma!L$2:L$30=$A21)*(Cronograma!$B$2:$B$30=FALSE))>0))>0),(((SUMPRODUCT((Cronograma!L$2:L$30=$A21)*1)=0)*NOT(SUMPRODUCT((Cronograma!K$2:K$30=$A21)*(Cronograma!$B$2:$B$30=TRUE))>0))+((SUMPRODUCT((Cronograma!L$2:L$30=$A21)*1)=0)*NOT(SUMPRODUCT((Cronograma!M$2:M$30=$A21)*(Cronograma!$B$2:$B$30=FALSE))>0))>0),(((SUMPRODUCT((Cronograma!M$2:M$30=$A21)*1)=0)*NOT(SUMPRODUCT((Cronograma!L$2:L$30=$A21)*(Cronograma!$B$2:$B$30=TRUE))>0))+((SUMPRODUCT((Cronograma!M$2:M$30=$A21)*1)=0)*NOT(SUMPRODUCT((Cronograma!N$2:N$30=$A21)*(Cronograma!$B$2:$B$30=FALSE))>0))>0),(((SUMPRODUCT((Cronograma!N$2:N$30=$A21)*1)=0)*NOT(SUMPRODUCT((Cronograma!M$2:M$30=$A21)*(Cronograma!$B$2:$B$30=TRUE))>0))+((SUMPRODUCT((Cronograma!N$2:N$30=$A21)*1)=0)*NOT(SUMPRODUCT((Cronograma!O$2:O$30=$A21)*(Cronograma!$B$2:$B$30=FALSE))>0))>0),(((SUMPRODUCT((Cronograma!O$2:O$30=$A21)*1)=0)*NOT(SUMPRODUCT((Cronograma!N$2:N$30=$A21)*(Cronograma!$B$2:$B$30=TRUE))>0))+((SUMPRODUCT((Cronograma!O$2:O$30=$A21)*1)=0)*NOT(SUMPRODUCT((Cronograma!P$2:P$30=$A21)*(Cronograma!$B$2:$B$30=FALSE))>0))>0),(((SUMPRODUCT((Cronograma!P$2:P$30=$A21)*1)=0)*NOT(SUMPRODUCT((Cronograma!O$2:O$30=$A21)*(Cronograma!$B$2:$B$30=TRUE))>0))+((SUMPRODUCT((Cronograma!P$2:P$30=$A21)*1)=0)*NOT(SUMPRODUCT((Cronograma!Q$2:Q$30=$A21)*(Cronograma!$B$2:$B$30=FALSE))>0))>0),((SUMPRODUCT((Cronograma!Q$2:Q$30=$A21)*1)=0)*NOT(SUMPRODUCT((Cronograma!P$2:P$30=$A21)*(Cronograma!$B$2:$B$30=TRUE))>0))) -> 0 | E21: {=_xlfn.XLOOKUP("Claudia Milena",Cronograma!C2:C30,Cronograma!A2:A30,"")} -> 0 | F21: {=_xlfn.XLOOKUP("Claudia Milena",Cronograma!D2:D30,Cronograma!A2:A30,"")} -> 0 | G21: {=_xlfn.XLOOKUP("Claudia Milena",Cronograma!E2:E30,Cronograma!A2:A30,"")} -> 0 | H21: {=_xlfn.XLOOKUP("Claudia Milena",Cronograma!F2:F30,Cronograma!A2:A30,"")} -> 0 | I21: {=_xlfn.XLOOKUP("Claudia Milena",Cronograma!G2:G30,Cronograma!A2:A30,"")} -> 0 | J21: {=_xlfn.XLOOKUP("Claudia Milena",Cronograma!H2:H30,Cronograma!A2:A30,"")} -> 0 | K21: {=_xlfn.XLOOKUP("Claudia Milena",Cronograma!I2:I30,Cronograma!A2:A30,"")} -> 0 | L21: {=_xlfn.XLOOKUP("Claudia Milena",Cronograma!J2:J30,Cronograma!A2:A30,"")} -> 0 | M21: {=_xlfn.XLOOKUP("Claudia Milena",Cronograma!K2:K30,Cronograma!A2:A30,"")} -> 0 | N21: {=_xlfn.XLOOKUP("Claudia Milena",Cronograma!L2:L30,Cronograma!A2:A30,"")} -> 0 | O21: {=_xlfn.XLOOKUP("Claudia Milena",Cronograma!M2:M30,Cronograma!A2:A30,"")} -> 0 | P21: {=_xlfn.XLOOKUP("Claudia Milena",Cronograma!N2:N30,Cronograma!A2:A30,"")} -> 0 | Q21: {=_xlfn.XLOOKUP("Claudia Milena",Cronograma!O2:O30,Cronograma!A2:A30,"")} -> 0 | R21: {=_xlfn.XLOOKUP("Claudia Milena",Cronograma!P2:P30,Cronograma!A2:A30,"")} -> 0 | S21: {=_xlfn.XLOOKUP("Claudia Milena",Cronograma!Q2:Q30,Cronograma!A2:A30,"")} -> 0
A22: Erika Mayerlli | B22: =SUMPRODUCT((Cronograma!B2:B30=FALSE) * (COUNTIF(E22:S22, Cronograma!A2:A30))) -> 0 | C22: =SUMPRODUCT((Cronograma!B2:B30=TRUE) * (COUNTIF(E22:S22, Cronograma!A2:A30))) -> 0 | D22: =SUM(((SUMPRODUCT((Cronograma!C$2:C$30=$A22)*1)=0)*NOT(SUMPRODUCT((Cronograma!D$2:D$30=$A22)*(Cronograma!$B$2:$B$30=FALSE))>0)),(((SUMPRODUCT((Cronograma!D$2:D$30=$A22)*1)=0)*NOT(SUMPRODUCT((Cronograma!C$2:C$30=$A22)*(Cronograma!$B$2:$B$30=TRUE))>0))+((SUMPRODUCT((Cronograma!D$2:D$30=$A22)*1)=0)*NOT(SUMPRODUCT((Cronograma!E$2:E$30=$A22)*(Cronograma!$B$2:$B$30=FALSE))>0))>0),(((SUMPRODUCT((Cronograma!E$2:E$30=$A22)*1)=0)*NOT(SUMPRODUCT((Cronograma!D$2:D$30=$A22)*(Cronograma!$B$2:$B$30=TRUE))>0))+((SUMPRODUCT((Cronograma!E$2:E$30=$A22)*1)=0)*NOT(SUMPRODUCT((Cronograma!F$2:F$30=$A22)*(Cronograma!$B$2:$B$30=FALSE))>0))>0),(((SUMPRODUCT((Cronograma!F$2:F$30=$A22)*1)=0)*NOT(SUMPRODUCT((Cronograma!E$2:E$30=$A22)*(Cronograma!$B$2:$B$30=TRUE))>0))+((SUMPRODUCT((Cronograma!F$2:F$30=$A22)*1)=0)*NOT(SUMPRODUCT((Cronograma!G$2:G$30=$A22)*(Cronograma!$B$2:$B$30=FALSE))>0))>0),(((SUMPRODUCT((Cronograma!G$2:G$30=$A22)*1)=0)*NOT(SUMPRODUCT((Cronograma!F$2:F$30=$A22)*(Cronograma!$B$2:$B$30=TRUE))>0))+((SUMPRODUCT((Cronograma!G$2:G$30=$A22)*1)=0)*NOT(SUMPRODUCT((Cronograma!H$2:H$30=$A22)*(Cronograma!$B$2:$B$30=FALSE))>0))>0),(((SUMPRODUCT((Cronograma!H$2:H$30=$A22)*1)=0)*NOT(SUMPRODUCT((Cronograma!G$2:G$30=$A22)*(Cronograma!$B$2:$B$30=TRUE))>0))+((SUMPRODUCT((Cronograma!H$2:H$30=$A22)*1)=0)*NOT(SUMPRODUCT((Cronograma!I$2:I$30=$A22)*(Cronograma!$B$2:$B$30=FALSE))>0))>0),(((SUMPRODUCT((Cronograma!I$2:I$30=$A22)*1)=0)*NOT(SUMPRODUCT((Cronograma!H$2:H$30=$A22)*(Cronograma!$B$2:$B$30=TRUE))>0))+((SUMPRODUCT((Cronograma!I$2:I$30=$A22)*1)=0)*NOT(SUMPRODUCT((Cronograma!J$2:J$30=$A22)*(Cronograma!$B$2:$B$30=FALSE))>0))>0),(((SUMPRODUCT((Cronograma!J$2:J$30=$A22)*1)=0)*NOT(SUMPRODUCT((Cronograma!I$2:I$30=$A22)*(Cronograma!$B$2:$B$30=TRUE))>0))+((SUMPRODUCT((Cronograma!J$2:J$30=$A22)*1)=0)*NOT(SUMPRODUCT((Cronograma!K$2:K$30=$A22)*(Cronograma!$B$2:$B$30=FALSE))>0))>0),(((SUMPRODUCT((Cronograma!K$2:K$30=$A22)*1)=0)*NOT(SUMPRODUCT((Cronograma!J$2:J$30=$A22)*(Cronograma!$B$2:$B$30=TRUE))>0))+((SUMPRODUCT((Cronograma!K$2:K$30=$A22)*1)=0)*NOT(SUMPRODUCT((Cronograma!L$2:L$30=$A22)*(Cronograma!$B$2:$B$30=FALSE))>0))>0),(((SUMPRODUCT((Cronograma!L$2:L$30=$A22)*1)=0)*NOT(SUMPRODUCT((Cronograma!K$2:K$30=$A22)*(Cronograma!$B$2:$B$30=TRUE))>0))+((SUMPRODUCT((Cronograma!L$2:L$30=$A22)*1)=0)*NOT(SUMPRODUCT((Cronograma!M$2:M$30=$A22)*(Cronograma!$B$2:$B$30=FALSE))>0))>0),(((SUMPRODUCT((Cronograma!M$2:M$30=$A22)*1)=0)*NOT(SUMPRODUCT((Cronograma!L$2:L$30=$A22)*(Cronograma!$B$2:$B$30=TRUE))>0))+((SUMPRODUCT((Cronograma!M$2:M$30=$A22)*1)=0)*NOT(SUMPRODUCT((Cronograma!N$2:N$30=$A22)*(Cronograma!$B$2:$B$30=FALSE))>0))>0),(((SUMPRODUCT((Cronograma!N$2:N$30=$A22)*1)=0)*NOT(SUMPRODUCT((Cronograma!M$2:M$30=$A22)*(Cronograma!$B$2:$B$30=TRUE))>0))+((SUMPRODUCT((Cronograma!N$2:N$30=$A22)*1)=0)*NOT(SUMPRODUCT((Cronograma!O$2:O$30=$A22)*(Cronograma!$B$2:$B$30=FALSE))>0))>0),(((SUMPRODUCT((Cronograma!O$2:O$30=$A22)*1)=0)*NOT(SUMPRODUCT((Cronograma!N$2:N$30=$A22)*(Cronograma!$B$2:$B$30=TRUE))>0))+((SUMPRODUCT((Cronograma!O$2:O$30=$A22)*1)=0)*NOT(SUMPRODUCT((Cronograma!P$2:P$30=$A22)*(Cronograma!$B$2:$B$30=FALSE))>0))>0),(((SUMPRODUCT((Cronograma!P$2:P$30=$A22)*1)=0)*NOT(SUMPRODUCT((Cronograma!O$2:O$30=$A22)*(Cronograma!$B$2:$B$30=TRUE))>0))+((SUMPRODUCT((Cronograma!P$2:P$30=$A22)*1)=0)*NOT(SUMPRODUCT((Cronograma!Q$2:Q$30=$A22)*(Cronograma!$B$2:$B$30=FALSE))>0))>0),((SUMPRODUCT((Cronograma!Q$2:Q$30=$A22)*1)=0)*NOT(SUMPRODUCT((Cronograma!P$2:P$30=$A22)*(Cronograma!$B$2:$B$30=TRUE))>0))) -> 0 | E22: {=_xlfn.XLOOKUP("Erika Mayerlli",Cronograma!C2:C30,Cronograma!A2:A30,"")} -> 0 | F22: {=_xlfn.XLOOKUP("Erika Mayerlli",Cronograma!D2:D30,Cronograma!A2:A30,"")} -> 0 | G22: {=_xlfn.XLOOKUP("Erika Mayerlli",Cronograma!E2:E30,Cronograma!A2:A30,"")} -> 0 | H22: {=_xlfn.XLOOKUP("Erika Mayerlli",Cronograma!F2:F30,Cronograma!A2:A30,"")} -> 0 | I22: {=_xlfn.XLOOKUP("Erika Mayerlli",Cronograma!G2:G30,Cronograma!A2:A30,"")} -> 0 | J22: {=_xlfn.XLOOKUP("Erika Mayerlli",Cronograma!H2:H30,Cronograma!A2:A30,"")} -> 0 | K22: {=_xlfn.XLOOKUP("Erika Mayerlli",Cronograma!I2:I30,Cronograma!A2:A30,"")} -> 0 | L22: {=_xlfn.XLOOKUP("Erika Mayerlli",Cronograma!J2:J30,Cronograma!A2:A30,"")} -> 0 | M22: {=_xlfn.XLOOKUP("Erika Mayerlli",Cronograma!K2:K30,Cronograma!A2:A30,"")} -> 0 | N22: {=_xlfn.XLOOKUP("Erika Mayerlli",Cronograma!L2:L30,Cronograma!A2:A30,"")} -> 0 | O22: {=_xlfn.XLOOKUP("Erika Mayerlli",Cronograma!M2:M30,Cronograma!A2:A30,"")} -> 0 | P22: {=_xlfn.XLOOKUP("Erika Mayerlli",Cronograma!N2:N30,Cronograma!A2:A30,"")} -> 0 | Q22: {=_xlfn.XLOOKUP("Erika Mayerlli",Cronograma!O2:O30,Cronograma!A2:A30,"")} -> 0 | R22: {=_xlfn.XLOOKUP("Erika Mayerlli",Cronograma!P2:P30,Cronograma!A2:A30,"")} -> 0 | S22: {=_xlfn.XLOOKUP("Erika Mayerlli",Cronograma!Q2:Q30,Cronograma!A2:A30,"")} -> 0
A23: Gilvert | B23: =SUMPRODUCT((Cronograma!B2:B30=FALSE) * (COUNTIF(E23:S23, Cronograma!A2:A30))) -> 0 | C23: =SUMPRODUCT((Cronograma!B2:B30=TRUE) * (COUNTIF(E23:S23, Cronograma!A2:A30))) -> 0 | D23: =SUM(((SUMPRODUCT((Cronograma!C$2:C$30=$A23)*1)=0)*NOT(SUMPRODUCT((Cronograma!D$2:D$30=$A23)*(Cronograma!$B$2:$B$30=FALSE))>0)),(((SUMPRODUCT((Cronograma!D$2:D$30=$A23)*1)=0)*NOT(SUMPRODUCT((Cronograma!C$2:C$30=$A23)*(Cronograma!$B$2:$B$30=TRUE))>0))+((SUMPRODUCT((Cronograma!D$2:D$30=$A23)*1)=0)*NOT(SUMPRODUCT((Cronograma!E$2:E$30=$A23)*(Cronograma!$B$2:$B$30=FALSE))>0))>0),(((SUMPRODUCT((Cronograma!E$2:E$30=$A23)*1)=0)*NOT(SUMPRODUCT((Cronograma!D$2:D$30=$A23)*(Cronograma!$B$2:$B$30=TRUE))>0))+((SUMPRODUCT((Cronograma!E$2:E$30=$A23)*1)=0)*NOT(SUMPRODUCT((Cronograma!F$2:F$30=$A23)*(Cronograma!$B$2:$B$30=FALSE))>0))>0),(((SUMPRODUCT((Cronograma!F$2:F$30=$A23)*1)=0)*NOT(SUMPRODUCT((Cronograma!E$2:E$30=$A23)*(Cronograma!$B$2:$B$30=TRUE))>0))+((SUMPRODUCT((Cronograma!F$2:F$30=$A23)*1)=0)*NOT(SUMPRODUCT((Cronograma!G$2:G$30=$A23)*(Cronograma!$B$2:$B$30=FALSE))>0))>0),(((SUMPRODUCT((Cronograma!G$2:G$30=$A23)*1)=0)*NOT(SUMPRODUCT((Cronograma!F$2:F$30=$A23)*(Cronograma!$B$2:$B$30=TRUE))>0))+((SUMPRODUCT((Cronograma!G$2:G$30=$A23)*1)=0)*NOT(SUMPRODUCT((Cronograma!H$2:H$30=$A23)*(Cronograma!$B$2:$B$30=FALSE))>0))>0),(((SUMPRODUCT((Cronograma!H$2:H$30=$A23)*1)=0)*NOT(SUMPRODUCT((Cronograma!G$2:G$30=$A23)*(Cronograma!$B$2:$B$30=TRUE))>0))+((SUMPRODUCT((Cronograma!H$2:H$30=$A23)*1)=0)*NOT(SUMPRODUCT((Cronograma!I$2:I$30=$A23)*(Cronograma!$B$2:$B$30=FALSE))>0))>0),(((SUMPRODUCT((Cronograma!I$2:I$30=$A23)*1)=0)*NOT(SUMPRODUCT((Cronograma!H$2:H$30=$A23)*(Cronograma!$B$2:$B$30=TRUE))>0))+((SUMPRODUCT((Cronograma!I$2:I$30=$A23)*1)=0)*NOT(SUMPRODUCT((Cronograma!J$2:J$30=$A23)*(Cronograma!$B$2:$B$30=FALSE))>0))>0),(((SUMPRODUCT((Cronograma!J$2:J$30=$A23)*1)=0)*NOT(SUMPRODUCT((Cronograma!I$2:I$30=$A23)*(Cronograma!$B$2:$B$30=TRUE))>0))+((SUMPRODUCT((Cronograma!J$2:J$30=$A23)*1)=0)*NOT(SUMPRODUCT((Cronograma!K$2:K$30=$A23)*(Cronograma!$B$2:$B$30=FALSE))>0))>0),(((SUMPRODUCT((Cronograma!K$2:K$30=$A23)*1)=0)*NOT(SUMPRODUCT((Cronograma!J$2:J$30=$A23)*(Cronograma!$B$2:$B$30=TRUE))>0))+((SUMPRODUCT((Cronograma!K$2:K$30=$A23)*1)=0)*NOT(SUMPRODUCT((Cronograma!L$2:L$30=$A23)*(Cronograma!$B$2:$B$30=FALSE))>0))>0),(((SUMPRODUCT((Cronograma!L$2:L$30=$A23)*1)=0)*NOT(SUMPRODUCT((Cronograma!K$2:K$30=$A23)*(Cronograma!$B$2:$B$30=TRUE))>0))+((SUMPRODUCT((Cronograma!L$2:L$30=$A23)*1)=0)*NOT(SUMPRODUCT((Cronograma!M$2:M$30=$A23)*(Cronograma!$B$2:$B$30=FALSE))>0))>0),(((SUMPRODUCT((Cronograma!M$2:M$30=$A23)*1)=0)*NOT(SUMPRODUCT((Cronograma!L$2:L$30=$A23)*(Cronograma!$B$2:$B$30=TRUE))>0))+((SUMPRODUCT((Cronograma!M$2:M$30=$A23)*1)=0)*NOT(SUMPRODUCT((Cronograma!N$2:N$30=$A23)*(Cronograma!$B$2:$B$30=FALSE))>0))>0),(((SUMPRODUCT((Cronograma!N$2:N$30=$A23)*1)=0)*NOT(SUMPRODUCT((Cronograma!M$2:M$30=$A23)*(Cronograma!$B$2:$B$30=TRUE))>0))+((SUMPRODUCT((Cronograma!N$2:N$30=$A23)*1)=0)*NOT(SUMPRODUCT((Cronograma!O$2:O$30=$A23)*(Cronograma!$B$2:$B$30=FALSE))>0))>0),(((SUMPRODUCT((Cronograma!O$2:O$30=$A23)*1)=0)*NOT(SUMPRODUCT((Cronograma!N$2:N$30=$A23)*(Cronograma!$B$2:$B$30=TRUE))>0))+((SUMPRODUCT((Cronograma!O$2:O$30=$A23)*1)=0)*NOT(SUMPRODUCT((Cronograma!P$2:P$30=$A23)*(Cronograma!$B$2:$B$30=FALSE))>0))>0),(((SUMPRODUCT((Cronograma!P$2:P$30=$A23)*1)=0)*NOT(SUMPRODUCT((Cronograma!O$2:O$30=$A23)*(Cronograma!$B$2:$B$30=TRUE))>0))+((SUMPRODUCT((Cronograma!P$2:P$30=$A23)*1)=0)*NOT(SUMPRODUCT((Cronograma!Q$2:Q$30=$A23)*(Cronograma!$B$2:$B$30=FALSE))>0))>0),((SUMPRODUCT((Cronograma!Q$2:Q$30=$A23)*1)=0)*NOT(SUMPRODUCT((Cronograma!P$2:P$30=$A23)*(Cronograma!$B$2:$B$30=TRUE))>0))) -> 0 | E23: {=_xlfn.XLOOKUP("Gilvert",Cronograma!C2:C30,Cronograma!A2:A30,"")} -> 0 | F23: {=_xlfn.XLOOKUP("Gilvert",Cronograma!D2:D30,Cronograma!A2:A30,"")} -> 0 | G23: {=_xlfn.XLOOKUP("Gilvert",Cronograma!E2:E30,Cronograma!A2:A30,"")} -> 0 | H23: {=_xlfn.XLOOKUP("Gilvert",Cronograma!F2:F30,Cronograma!A2:A30,"")} -> 0 | I23: {=_xlfn.XLOOKUP("Gilvert",Cronograma!G2:G30,Cronograma!A2:A30,"")} -> 0 | J23: {=_xlfn.XLOOKUP("Gilvert",Cronograma!H2:H30,Cronograma!A2:A30,"")} -> 0 | K23: {=_xlfn.XLOOKUP("Gilvert",Cronograma!I2:I30,Cronograma!A2:A30,"")} -> 0 | L23: {=_xlfn.XLOOKUP("Gilvert",Cronograma!J2:J30,Cronograma!A2:A30,"")} -> 0 | M23: {=_xlfn.XLOOKUP("Gilvert",Cronograma!K2:K30,Cronograma!A2:A30,"")} -> 0 | N23: {=_xlfn.XLOOKUP("Gilvert",Cronograma!L2:L30,Cronograma!A2:A30,"")} -> 0 | O23: {=_xlfn.XLOOKUP("Gilvert",Cronograma!M2:M30,Cronograma!A2:A30,"")} -> 0 | P23: {=_xlfn.XLOOKUP("Gilvert",Cronograma!N2:N30,Cronograma!A2:A30,"")} -> 0 | Q23: {=_xlfn.XLOOKUP("Gilvert",Cronograma!O2:O30,Cronograma!A2:A30,"")} -> 0 | R23: {=_xlfn.XLOOKUP("Gilvert",Cronograma!P2:P30,Cronograma!A2:A30,"")} -> 0 | S23: {=_xlfn.XLOOKUP("Gilvert",Cronograma!Q2:Q30,Cronograma!A2:A30,"")} -> 0
A24: Betsy Mauribel | B24: =SUMPRODUCT((Cronograma!B2:B30=FALSE) * (COUNTIF(E24:S24, Cronograma!A2:A30))) -> 0 | C24: =SUMPRODUCT((Cronograma!B2:B30=TRUE) * (COUNTIF(E24:S24, Cronograma!A2:A30))) -> 0 | D24: =SUM(((SUMPRODUCT((Cronograma!C$2:C$30=$A24)*1)=0)*NOT(SUMPRODUCT((Cronograma!D$2:D$30=$A24)*(Cronograma!$B$2:$B$30=FALSE))>0)),(((SUMPRODUCT((Cronograma!D$2:D$30=$A24)*1)=0)*NOT(SUMPRODUCT((Cronograma!C$2:C$30=$A24)*(Cronograma!$B$2:$B$30=TRUE))>0))+((SUMPRODUCT((Cronograma!D$2:D$30=$A24)*1)=0)*NOT(SUMPRODUCT((Cronograma!E$2:E$30=$A24)*(Cronograma!$B$2:$B$30=FALSE))>0))>0),(((SUMPRODUCT((Cronograma!E$2:E$30=$A24)*1)=0)*NOT(SUMPRODUCT((Cronograma!D$2:D$30=$A24)*(Cronograma!$B$2:$B$30=TRUE))>0))+((SUMPRODUCT((Cronograma!E$2:E$30=$A24)*1)=0)*NOT(SUMPRODUCT((Cronograma!F$2:F$30=$A24)*(Cronograma!$B$2:$B$30=FALSE))>0))>0),(((SUMPRODUCT((Cronograma!F$2:F$30=$A24)*1)=0)*NOT(SUMPRODUCT((Cronograma!E$2:E$30=$A24)*(Cronograma!$B$2:$B$30=TRUE))>0))+((SUMPRODUCT((Cronograma!F$2:F$30=$A24)*1)=0)*NOT(SUMPRODUCT((Cronograma!G$2:G$30=$A24)*(Cronograma!$B$2:$B$30=FALSE))>0))>0),(((SUMPRODUCT((Cronograma!G$2:G$30=$A24)*1)=0)*NOT(SUMPRODUCT((Cronograma!F$2:F$30=$A24)*(Cronograma!$B$2:$B$30=TRUE))>0))+((SUMPRODUCT((Cronograma!G$2:G$30=$A24)*1)=0)*NOT(SUMPRODUCT((Cronograma!H$2:H$30=$A24)*(Cronograma!$B$2:$B$30=FALSE))>0))>0),(((SUMPRODUCT((Cronograma!H$2:H$30=$A24)*1)=0)*NOT(SUMPRODUCT((Cronograma!G$2:G$30=$A24)*(Cronograma!$B$2:$B$30=TRUE))>0))+((SUMPRODUCT((Cronograma!H$2:H$30=$A24)*1)=0)*NOT(SUMPRODUCT((Cronograma!I$2:I$30=$A24)*(Cronograma!$B$2:$B$30=FALSE))>0))>0),(((SUMPRODUCT((Cronograma!I$2:I$30=$A24)*1)=0)*NOT(SUMPRODUCT((Cronograma!H$2:H$30=$A24)*(Cronograma!$B$2:$B$30=TRUE))>0))+((SUMPRODUCT((Cronograma!I$2:I$30=$A24)*1)=0)*NOT(SUMPRODUCT((Cronograma!J$2:J$30=$A24)*(Cronograma!$B$2:$B$30=FALSE))>0))>0),(((SUMPRODUCT((Cronograma!J$2:J$30=$A24)*1)=0)*NOT(SUMPRODUCT((Cronograma!I$2:I$30=$A24)*(Cronograma!$B$2:$B$30=TRUE))>0))+((SUMPRODUCT((Cronograma!J$2:J$30=$A24)*1)=0)*NOT(SUMPRODUCT((Cronograma!K$2:K$30=$A24)*(Cronograma!$B$2:$B$30=FALSE))>0))>0),(((SUMPRODUCT((Cronograma!K$2:K$30=$A24)*1)=0)*NOT(SUMPRODUCT((Cronograma!J$2:J$30=$A24)*(Cronograma!$B$2:$B$30=TRUE))>0))+((SUMPRODUCT((Cronograma!K$2:K$30=$A24)*1)=0)*NOT(SUMPRODUCT((Cronograma!L$2:L$30=$A24)*(Cronograma!$B$2:$B$30=FALSE))>0))>0),(((SUMPRODUCT((Cronograma!L$2:L$30=$A24)*1)=0)*NOT(SUMPRODUCT((Cronograma!K$2:K$30=$A24)*(Cronograma!$B$2:$B$30=TRUE))>0))+((SUMPRODUCT((Cronograma!L$2:L$30=$A24)*1)=0)*NOT(SUMPRODUCT((Cronograma!M$2:M$30=$A24)*(Cronograma!$B$2:$B$30=FALSE))>0))>0),(((SUMPRODUCT((Cronograma!M$2:M$30=$A24)*1)=0)*NOT(SUMPRODUCT((Cronograma!L$2:L$30=$A24)*(Cronograma!$B$2:$B$30=TRUE))>0))+((SUMPRODUCT((Cronograma!M$2:M$30=$A24)*1)=0)*NOT(SUMPRODUCT((Cronograma!N$2:N$30=$A24)*(Cronograma!$B$2:$B$30=FALSE))>0))>0),(((SUMPRODUCT((Cronograma!N$2:N$30=$A24)*1)=0)*NOT(SUMPRODUCT((Cronograma!M$2:M$30=$A24)*(Cronograma!$B$2:$B$30=TRUE))>0))+((SUMPRODUCT((Cronograma!N$2:N$30=$A24)*1)=0)*NOT(SUMPRODUCT((Cronograma!O$2:O$30=$A24)*(Cronograma!$B$2:$B$30=FALSE))>0))>0),(((SUMPRODUCT((Cronograma!O$2:O$30=$A24)*1)=0)*NOT(SUMPRODUCT((Cronograma!N$2:N$30=$A24)*(Cronograma!$B$2:$B$30=TRUE))>0))+((SUMPRODUCT((Cronograma!O$2:O$30=$A24)*1)=0)*NOT(SUMPRODUCT((Cronograma!P$2:P$30=$A24)*(Cronograma!$B$2:$B$30=FALSE))>0))>0),(((SUMPRODUCT((Cronograma!P$2:P$30=$A24)*1)=0)*NOT(SUMPRODUCT((Cronograma!O$2:O$30=$A24)*(Cronograma!$B$2:$B$30=TRUE))>0))+((SUMPRODUCT((Cronograma!P$2:P$30=$A24)*1)=0)*NOT(SUMPRODUCT((Cronograma!Q$2:Q$30=$A24)*(Cronograma!$B$2:$B$30=FALSE))>0))>0),((SUMPRODUCT((Cronograma!Q$2:Q$30=$A24)*1)=0)*NOT(SUMPRODUCT((Cronograma!P$2:P$30=$A24)*(Cronograma!$B$2:$B$30=TRUE))>0))) -> 0 | E24: {=_xlfn.XLOOKUP("Betsy Mauribel",Cronograma!C2:C30,Cronograma!A2:A30,"")} -> 0 | F24: {=_xlfn.XLOOKUP("Betsy Mauribel",Cronograma!D2:D30,Cronograma!A2:A30,"")} -> 0 | G24: {=_xlfn.XLOOKUP("Betsy Mauribel",Cronograma!E2:E30,Cronograma!A2:A30,"")} -> 0 | H24: {=_xlfn.XLOOKUP("Betsy Mauribel",Cronograma!F2:F30,Cronograma!A2:A30,"")} -> 0 | I24: {=_xlfn.XLOOKUP("Betsy Mauribel",Cronograma!G2:G30,Cronograma!A2:A30,"")} -> 0 | J24: {=_xlfn.XLOOKUP("Betsy Mauribel",Cronograma!H2:H30,Cronograma!A2:A30,"")} -> 0 | K24: {=_xlfn.XLOOKUP("Betsy Mauribel",Cronograma!I2:I30,Cronograma!A2:A30,"")} -> 0 | L24: {=_xlfn.XLOOKUP("Betsy Mauribel",Cronograma!J2:J30,Cronograma!A2:A30,"")} -> 0 | M24: {=_xlfn.XLOOKUP("Betsy Mauribel",Cronograma!K2:K30,Cronograma!A2:A30,"")} -> 0 | N24: {=_xlfn.XLOOKUP("Betsy Mauribel",Cronograma!L2:L30,Cronograma!A2:A30,"")} -> 0 | O24: {=_xlfn.XLOOKUP("Betsy Mauribel",Cronograma!M2:M30,Cronograma!A2:A30,"")} -> 0 | P24: {=_xlfn.XLOOKUP("Betsy Mauribel",Cronograma!N2:N30,Cronograma!A2:A30,"")} -> 0 | Q24: {=_xlfn.XLOOKUP("Betsy Mauribel",Cronograma!O2:O30,Cronograma!A2:A30,"")} -> 0 | R24: {=_xlfn.XLOOKUP("Betsy Mauribel",Cronograma!P2:P30,Cronograma!A2:A30,"")} -> 0 | S24: {=_xlfn.XLOOKUP("Betsy Mauribel",Cronograma!Q2:Q30,Cronograma!A2:A30,"")} -> 0
A25: Angie Marcela | B25: =SUMPRODUCT((Cronograma!B2:B30=FALSE) * (COUNTIF(E25:S25, Cronograma!A2:A30))) -> 0 | C25: =SUMPRODUCT((Cronograma!B2:B30=TRUE) * (COUNTIF(E25:S25, Cronograma!A2:A30))) -> 0 | D25: =SUM(((SUMPRODUCT((Cronograma!C$2:C$30=$A25)*1)=0)*NOT(SUMPRODUCT((Cronograma!D$2:D$30=$A25)*(Cronograma!$B$2:$B$30=FALSE))>0)),(((SUMPRODUCT((Cronograma!D$2:D$30=$A25)*1)=0)*NOT(SUMPRODUCT((Cronograma!C$2:C$30=$A25)*(Cronograma!$B$2:$B$30=TRUE))>0))+((SUMPRODUCT((Cronograma!D$2:D$30=$A25)*1)=0)*NOT(SUMPRODUCT((Cronograma!E$2:E$30=$A25)*(Cronograma!$B$2:$B$30=FALSE))>0))>0),(((SUMPRODUCT((Cronograma!E$2:E$30=$A25)*1)=0)*NOT(SUMPRODUCT((Cronograma!D$2:D$30=$A25)*(Cronograma!$B$2:$B$30=TRUE))>0))+((SUMPRODUCT((Cronograma!E$2:E$30=$A25)*1)=0)*NOT(SUMPRODUCT((Cronograma!F$2:F$30=$A25)*(Cronograma!$B$2:$B$30=FALSE))>0))>0),(((SUMPRODUCT((Cronograma!F$2:F$30=$A25)*1)=0)*NOT(SUMPRODUCT((Cronograma!E$2:E$30=$A25)*(Cronograma!$B$2:$B$30=TRUE))>0))+((SUMPRODUCT((Cronograma!F$2:F$30=$A25)*1)=0)*NOT(SUMPRODUCT((Cronograma!G$2:G$30=$A25)*(Cronograma!$B$2:$B$30=FALSE))>0))>0),(((SUMPRODUCT((Cronograma!G$2:G$30=$A25)*1)=0)*NOT(SUMPRODUCT((Cronograma!F$2:F$30=$A25)*(Cronograma!$B$2:$B$30=TRUE))>0))+((SUMPRODUCT((Cronograma!G$2:G$30=$A25)*1)=0)*NOT(SUMPRODUCT((Cronograma!H$2:H$30=$A25)*(Cronograma!$B$2:$B$30=FALSE))>0))>0),(((SUMPRODUCT((Cronograma!H$2:H$30=$A25)*1)=0)*NOT(SUMPRODUCT((Cronograma!G$2:G$30=$A25)*(Cronograma!$B$2:$B$30=TRUE))>0))+((SUMPRODUCT((Cronograma!H$2:H$30=$A25)*1)=0)*NOT(SUMPRODUCT((Cronograma!I$2:I$30=$A25)*(Cronograma!$B$2:$B$30=FALSE))>0))>0),(((SUMPRODUCT((Cronograma!I$2:I$30=$A25)*1)=0)*NOT(SUMPRODUCT((Cronograma!H$2:H$30=$A25)*(Cronograma!$B$2:$B$30=TRUE))>0))+((SUMPRODUCT((Cronograma!I$2:I$30=$A25)*1)=0)*NOT(SUMPRODUCT((Cronograma!J$2:J$30=$A25)*(Cronograma!$B$2:$B$30=FALSE))>0))>0),(((SUMPRODUCT((Cronograma!J$2:J$30=$A25)*1)=0)*NOT(SUMPRODUCT((Cronograma!I$2:I$30=$A25)*(Cronograma!$B$2:$B$30=TRUE))>0))+((SUMPRODUCT((Cronograma!J$2:J$30=$A25)*1)=0)*NOT(SUMPRODUCT((Cronograma!K$2:K$30=$A25)*(Cronograma!$B$2:$B$30=FALSE))>0))>0),(((SUMPRODUCT((Cronograma!K$2:K$30=$A25)*1)=0)*NOT(SUMPRODUCT((Cronograma!J$2:J$30=$A25)*(Cronograma!$B$2:$B$30=TRUE))>0))+((SUMPRODUCT((Cronograma!K$2:K$30=$A25)*1)=0)*NOT(SUMPRODUCT((Cronograma!L$2:L$30=$A25)*(Cronograma!$B$2:$B$30=FALSE))>0))>0),(((SUMPRODUCT((Cronograma!L$2:L$30=$A25)*1)=0)*NOT(SUMPRODUCT((Cronograma!K$2:K$30=$A25)*(Cronograma!$B$2:$B$30=TRUE))>0))+((SUMPRODUCT((Cronograma!L$2:L$30=$A25)*1)=0)*NOT(SUMPRODUCT((Cronograma!M$2:M$30=$A25)*(Cronograma!$B$2:$B$30=FALSE))>0))>0),(((SUMPRODUCT((Cronograma!M$2:M$30=$A25)*1)=0)*NOT(SUMPRODUCT((Cronograma!L$2:L$30=$A25)*(Cronograma!$B$2:$B$30=TRUE))>0))+((SUMPRODUCT((Cronograma!M$2:M$30=$A25)*1)=0)*NOT(SUMPRODUCT((Cronograma!N$2:N$30=$A25)*(Cronograma!$B$2:$B$30=FALSE))>0))>0),(((SUMPRODUCT((Cronograma!N$2:N$30=$A25)*1)=0)*NOT(SUMPRODUCT((Cronograma!M$2:M$30=$A25)*(Cronograma!$B$2:$B$30=TRUE))>0))+((SUMPRODUCT((Cronograma!N$2:N$30=$A25)*1)=0)*NOT(SUMPRODUCT((Cronograma!O$2:O$30=$A25)*(Cronograma!$B$2:$B$30=FALSE))>0))>0),(((SUMPRODUCT((Cronograma!O$2:O$30=$A25)*1)=0)*NOT(SUMPRODUCT((Cronograma!N$2:N$30=$A25)*(Cronograma!$B$2:$B$30=TRUE))>0))+((SUMPRODUCT((Cronograma!O$2:O$30=$A25)*1)=0)*NOT(SUMPRODUCT((Cronograma!P$2:P$30=$A25)*(Cronograma!$B$2:$B$30=FALSE))>0))>0),(((SUMPRODUCT((Cronograma!P$2:P$30=$A25)*1)=0)*NOT(SUMPRODUCT((Cronograma!O$2:O$30=$A25)*(Cronograma!$B$2:$B$30=TRUE))>0))+((SUMPRODUCT((Cronograma!P$2:P$30=$A25)*1)=0)*NOT(SUMPRODUCT((Cronograma!Q$2:Q$30=$A25)*(Cronograma!$B$2:$B$30=FALSE))>0))>0),((SUMPRODUCT((Cronograma!Q$2:Q$30=$A25)*1)=0)*NOT(SUMPRODUCT((Cronograma!P$2:P$30=$A25)*(Cronograma!$B$2:$B$30=TRUE))>0))) -> 0 | E25: {=_xlfn.XLOOKUP("Angie Marcela",Cronograma!C2:C30,Cronograma!A2:A30,"")} -> 0 | F25: {=_xlfn.XLOOKUP("Angie Marcela",Cronograma!D2:D30,Cronograma!A2:A30,"")} -> 0 | G25: {=_xlfn.XLOOKUP("Angie Marcela",Cronograma!E2:E30,Cronograma!A2:A30,"")} -> 0 | H25: {=_xlfn.XLOOKUP("Angie Marcela",Cronograma!F2:F30,Cronograma!A2:A30,"")} -> 0 | I25: {=_xlfn.XLOOKUP("Angie Marcela",Cronograma!G2:G30,Cronograma!A2:A30,"")} -> 0 | J25: {=_xlfn.XLOOKUP("Angie Marcela",Cronograma!H2:H30,Cronograma!A2:A30,"")} -> 0 | K25: {=_xlfn.XLOOKUP("Angie Marcela",Cronograma!I2:I30,Cronograma!A2:A30,"")} -> 0 | L25: {=_xlfn.XLOOKUP("Angie Marcela",Cronograma!J2:J30,Cronograma!A2:A30,"")} -> 0 | M25: {=_xlfn.XLOOKUP("Angie Marcela",Cronograma!K2:K30,Cronograma!A2:A30,"")} -> 0 | N25: {=_xlfn.XLOOKUP("Angie Marcela",Cronograma!L2:L30,Cronograma!A2:A30,"")} -> 0 | O25: {=_xlfn.XLOOKUP("Angie Marcela",Cronograma!M2:M30,Cronograma!A2:A30,"")} -> 0 | P25: {=_xlfn.XLOOKUP("Angie Marcela",Cronograma!N2:N30,Cronograma!A2:A30,"")} -> 0 | Q25: {=_xlfn.XLOOKUP("Angie Marcela",Cronograma!O2:O30,Cronograma!A2:A30,"")} -> 0 | R25: {=_xlfn.XLOOKUP("Angie Marcela",Cronograma!P2:P30,Cronograma!A2:A30,"")} -> 0 | S25: {=_xlfn.XLOOKUP("Angie Marcela",Cronograma!Q2:Q30,Cronograma!A2:A30,"")} -> 0
A26: Rosalba | B26: =SUMPRODUCT((Cronograma!B2:B30=FALSE) * (COUNTIF(E26:S26, Cronograma!A2:A30))) -> 0 | C26: =SUMPRODUCT((Cronograma!B2:B30=TRUE) * (COUNTIF(E26:S26, Cronograma!A2:A30))) -> 0 | D26: =SUM(((SUMPRODUCT((Cronograma!C$2:C$30=$A26)*1)=0)*NOT(SUMPRODUCT((Cronograma!D$2:D$30=$A26)*(Cronograma!$B$2:$B$30=FALSE))>0)),(((SUMPRODUCT((Cronograma!D$2:D$30=$A26)*1)=0)*NOT(SUMPRODUCT((Cronograma!C$2:C$30=$A26)*(Cronograma!$B$2:$B$30=TRUE))>0))+((SUMPRODUCT((Cronograma!D$2:D$30=$A26)*1)=0)*NOT(SUMPRODUCT((Cronograma!E$2:E$30=$A26)*(Cronograma!$B$2:$B$30=FALSE))>0))>0),(((SUMPRODUCT((Cronograma!E$2:E$30=$A26)*1)=0)*NOT(SUMPRODUCT((Cronograma!D$2:D$30=$A26)*(Cronograma!$B$2:$B$30=TRUE))>0))+((SUMPRODUCT((Cronograma!E$2:E$30=$A26)*1)=0)*NOT(SUMPRODUCT((Cronograma!F$2:F$30=$A26)*(Cronograma!$B$2:$B$30=FALSE))>0))>0),(((SUMPRODUCT((Cronograma!F$2:F$30=$A26)*1)=0)*NOT(SUMPRODUCT((Cronograma!E$2:E$30=$A26)*(Cronograma!$B$2:$B$30=TRUE))>0))+((SUMPRODUCT((Cronograma!F$2:F$30=$A26)*1)=0)*NOT(SUMPRODUCT((Cronograma!G$2:G$30=$A26)*(Cronograma!$B$2:$B$30=FALSE))>0))>0),(((SUMPRODUCT((Cronograma!G$2:G$30=$A26)*1)=0)*NOT(SUMPRODUCT((Cronograma!F$2:F$30=$A26)*(Cronograma!$B$2:$B$30=TRUE))>0))+((SUMPRODUCT((Cronograma!G$2:G$30=$A26)*1)=0)*NOT(SUMPRODUCT((Cronograma!H$2:H$30=$A26)*(Cronograma!$B$2:$B$30=FALSE))>0))>0),(((SUMPRODUCT((Cronograma!H$2:H$30=$A26)*1)=0)*NOT(SUMPRODUCT((Cronograma!G$2:G$30=$A26)*(Cronograma!$B$2:$B$30=TRUE))>0))+((SUMPRODUCT((Cronograma!H$2:H$30=$A26)*1)=0)*NOT(SUMPRODUCT((Cronograma!I$2:I$30=$A26)*(Cronograma!$B$2:$B$30=FALSE))>0))>0),(((SUMPRODUCT((Cronograma!I$2:I$30=$A26)*1)=0)*NOT(SUMPRODUCT((Cronograma!H$2:H$30=$A26)*(Cronograma!$B$2:$B$30=TRUE))>0))+((SUMPRODUCT((Cronograma!I$2:I$30=$A26)*1)=0)*NOT(SUMPRODUCT((Cronograma!J$2:J$30=$A26)*(Cronograma!$B$2:$B$30=FALSE))>0))>0),(((SUMPRODUCT((Cronograma!J$2:J$30=$A26)*1)=0)*NOT(SUMPRODUCT((Cronograma!I$2:I$30=$A26)*(Cronograma!$B$2:$B$30=TRUE))>0))+((SUMPRODUCT((Cronograma!J$2:J$30=$A26)*1)=0)*NOT(SUMPRODUCT((Cronograma!K$2:K$30=$A26)*(Cronograma!$B$2:$B$30=FALSE))>0))>0),(((SUMPRODUCT((Cronograma!K$2:K$30=$A26)*1)=0)*NOT(SUMPRODUCT((Cronograma!J$2:J$30=$A26)*(Cronograma!$B$2:$B$30=TRUE))>0))+((SUMPRODUCT((Cronograma!K$2:K$30=$A26)*1)=0)*NOT(SUMPRODUCT((Cronograma!L$2:L$30=$A26)*(Cronograma!$B$2:$B$30=FALSE))>0))>0),(((SUMPRODUCT((Cronograma!L$2:L$30=$A26)*1)=0)*NOT(SUMPRODUCT((Cronograma!K$2:K$30=$A26)*(Cronograma!$B$2:$B$30=TRUE))>0))+((SUMPRODUCT((Cronograma!L$2:L$30=$A26)*1)=0)*NOT(SUMPRODUCT((Cronograma!M$2:M$30=$A26)*(Cronograma!$B$2:$B$30=FALSE))>0))>0),(((SUMPRODUCT((Cronograma!M$2:M$30=$A26)*1)=0)*NOT(SUMPRODUCT((Cronograma!L$2:L$30=$A26)*(Cronograma!$B$2:$B$30=TRUE))>0))+((SUMPRODUCT((Cronograma!M$2:M$30=$A26)*1)=0)*NOT(SUMPRODUCT((Cronograma!N$2:N$30=$A26)*(Cronograma!$B$2:$B$30=FALSE))>0))>0),(((SUMPRODUCT((Cronograma!N$2:N$30=$A26)*1)=0)*NOT(SUMPRODUCT((Cronograma!M$2:M$30=$A26)*(Cronograma!$B$2:$B$30=TRUE))>0))+((SUMPRODUCT((Cronograma!N$2:N$30=$A26)*1)=0)*NOT(SUMPRODUCT((Cronograma!O$2:O$30=$A26)*(Cronograma!$B$2:$B$30=FALSE))>0))>0),(((SUMPRODUCT((Cronograma!O$2:O$30=$A26)*1)=0)*NOT(SUMPRODUCT((Cronograma!N$2:N$30=$A26)*(Cronograma!$B$2:$B$30=TRUE))>0))+((SUMPRODUCT((Cronograma!O$2:O$30=$A26)*1)=0)*NOT(SUMPRODUCT((Cronograma!P$2:P$30=$A26)*(Cronograma!$B$2:$B$30=FALSE))>0))>0),(((SUMPRODUCT((Cronograma!P$2:P$30=$A26)*1)=0)*NOT(SUMPRODUCT((Cronograma!O$2:O$30=$A26)*(Cronograma!$B$2:$B$30=TRUE))>0))+((SUMPRODUCT((Cronograma!P$2:P$30=$A26)*1)=0)*NOT(SUMPRODUCT((Cronograma!Q$2:Q$30=$A26)*(Cronograma!$B$2:$B$30=FALSE))>0))>0),((SUMPRODUCT((Cronograma!Q$2:Q$30=$A26)*1)=0)*NOT(SUMPRODUCT((Cronograma!P$2:P$30=$A26)*(Cronograma!$B$2:$B$30=TRUE))>0))) -> 0 | E26: {=_xlfn.XLOOKUP("Rosalba",Cronograma!C2:C30,Cronograma!A2:A30,"")} -> 0 | F26: {=_xlfn.XLOOKUP("Rosalba",Cronograma!D2:D30,Cronograma!A2:A30,"")} -> 0 | G26: {=_xlfn.XLOOKUP("Rosalba",Cronograma!E2:E30,Cronograma!A2:A30,"")} -> 0 | H26: {=_xlfn.XLOOKUP("Rosalba",Cronograma!F2:F30,Cronograma!A2:A30,"")} -> 0 | I26: {=_xlfn.XLOOKUP("Rosalba",Cronograma!G2:G30,Cronograma!A2:A30,"")} -> 0 | J26: {=_xlfn.XLOOKUP("Rosalba",Cronograma!H2:H30,Cronograma!A2:A30,"")} -> 0 | K26: {=_xlfn.XLOOKUP("Rosalba",Cronograma!I2:I30,Cronograma!A2:A30,"")} -> 0 | L26: {=_xlfn.XLOOKUP("Rosalba",Cronograma!J2:J30,Cronograma!A2:A30,"")} -> 0 | M26: {=_xlfn.XLOOKUP("Rosalba",Cronograma!K2:K30,Cronograma!A2:A30,"")} -> 0 | N26: {=_xlfn.XLOOKUP("Rosalba",Cronograma!L2:L30,Cronograma!A2:A30,"")} -> 0 | O26: {=_xlfn.XLOOKUP("Rosalba",Cronograma!M2:M30,Cronograma!A2:A30,"")} -> 0 | P26: {=_xlfn.XLOOKUP("Rosalba",Cronograma!N2:N30,Cronograma!A2:A30,"")} -> 0 | Q26: {=_xlfn.XLOOKUP("Rosalba",Cronograma!O2:O30,Cronograma!A2:A30,"")} -> 0 | R26: {=_xlfn.XLOOKUP("Rosalba",Cronograma!P2:P30,Cronograma!A2:A30,"")} -> 0 | S26: {=_xlfn.XLOOKUP("Rosalba",Cronograma!Q2:Q30,Cronograma!A2:A30,"")} -> 0
A27: Adriana | B27: =SUMPRODUCT((Cronograma!B2:B30=FALSE) * (COUNTIF(E27:S27, Cronograma!A2:A30))) -> 0 | C27: =SUMPRODUCT((Cronograma!B2:B30=TRUE) * (COUNTIF(E27:S27, Cronograma!A2:A30))) -> 0 | D27: =SUM(((SUMPRODUCT((Cronograma!C$2:C$30=$A27)*1)=0)*NOT(SUMPRODUCT((Cronograma!D$2:D$30=$A27)*(Cronograma!$B$2:$B$30=FALSE))>0)),(((SUMPRODUCT((Cronograma!D$2:D$30=$A27)*1)=0)*NOT(SUMPRODUCT((Cronograma!C$2:C$30=$A27)*(Cronograma!$B$2:$B$30=TRUE))>0))+((SUMPRODUCT((Cronograma!D$2:D$30=$A27)*1)=0)*NOT(SUMPRODUCT((Cronograma!E$2:E$30=$A27)*(Cronograma!$B$2:$B$30=FALSE))>0))>0),(((SUMPRODUCT((Cronograma!E$2:E$30=$A27)*1)=0)*NOT(SUMPRODUCT((Cronograma!D$2:D$30=$A27)*(Cronograma!$B$2:$B$30=TRUE))>0))+((SUMPRODUCT((Cronograma!E$2:E$30=$A27)*1)=0)*NOT(SUMPRODUCT((Cronograma!F$2:F$30=$A27)*(Cronograma!$B$2:$B$30=FALSE))>0))>0),(((SUMPRODUCT((Cronograma!F$2:F$30=$A27)*1)=0)*NOT(SUMPRODUCT((Cronograma!E$2:E$30=$A27)*(Cronograma!$B$2:$B$30=TRUE))>0))+((SUMPRODUCT((Cronograma!F$2:F$30=$A27)*1)=0)*NOT(SUMPRODUCT((Cronograma!G$2:G$30=$A27)*(Cronograma!$B$2:$B$30=FALSE))>0))>0),(((SUMPRODUCT((Cronograma!G$2:G$30=$A27)*1)=0)*NOT(SUMPRODUCT((Cronograma!F$2:F$30=$A27)*(Cronograma!$B$2:$B$30=TRUE))>0))+((SUMPRODUCT((Cronograma!G$2:G$30=$A27)*1)=0)*NOT(SUMPRODUCT((Cronograma!H$2:H$30=$A27)*(Cronograma!$B$2:$B$30=FALSE))>0))>0),(((SUMPRODUCT((Cronograma!H$2:H$30=$A27)*1)=0)*NOT(SUMPRODUCT((Cronograma!G$2:G$30=$A27)*(Cronograma!$B$2:$B$30=TRUE))>0))+((SUMPRODUCT((Cronograma!H$2:H$30=$A27)*1)=0)*NOT(SUMPRODUCT((Cronograma!I$2:I$30=$A27)*(Cronograma!$B$2:$B$30=FALSE))>0))>0),(((SUMPRODUCT((Cronograma!I$2:I$30=$A27)*1)=0)*NOT(SUMPRODUCT((Cronograma!H$2:H$30=$A27)*(Cronograma!$B$2:$B$30=TRUE))>0))+((SUMPRODUCT((Cronograma!I$2:I$30=$A27)*1)=0)*NOT(SUMPRODUCT((Cronograma!J$2:J$30=$A27)*(Cronograma!$B$2:$B$30=FALSE))>0))>0),(((SUMPRODUCT((Cronograma!J$2:J$30=$A27)*1)=0)*NOT(SUMPRODUCT((Cronograma!I$2:I$30=$A27)*(Cronograma!$B$2:$B$30=TRUE))>0))+((SUMPRODUCT((Cronograma!J$2:J$30=$A27)*1)=0)*NOT(SUMPRODUCT((Cronograma!K$2:K$30=$A27)*(Cronograma!$B$2:$B$30=FALSE))>0))>0),(((SUMPRODUCT((Cronograma!K$2:K$30=$A27)*1)=0)*NOT(SUMPRODUCT((Cronograma!J$2:J$30=$A27)*(Cronograma!$B$2:$B$30=TRUE))>0))+((SUMPRODUCT((Cronograma!K$2:K$30=$A27)*1)=0)*NOT(SUMPRODUCT((Cronograma!L$2:L$30=$A27)*(Cronograma!$B$2:$B$30=FALSE))>0))>0),(((SUMPRODUCT((Cronograma!L$2:L$30=$A27)*1)=0)*NOT(SUMPRODUCT((Cronograma!K$2:K$30=$A27)*(Cronograma!$B$2:$B$30=TRUE))>0))+((SUMPRODUCT((Cronograma!L$2:L$30=$A27)*1)=0)*NOT(SUMPRODUCT((Cronograma!M$2:M$30=$A27)*(Cronograma!$B$2:$B$30=FALSE))>0))>0),(((SUMPRODUCT((Cronograma!M$2:M$30=$A27)*1)=0)*NOT(SUMPRODUCT((Cronograma!L$2:L$30=$A27)*(Cronograma!$B$2:$B$30=TRUE))>0))+((SUMPRODUCT((Cronograma!M$2:M$30=$A27)*1)=0)*NOT(SUMPRODUCT((Cronograma!N$2:N$30=$A27)*(Cronograma!$B$2:$B$30=FALSE))>0))>0),(((SUMPRODUCT((Cronograma!N$2:N$30=$A27)*1)=0)*NOT(SUMPRODUCT((Cronograma!M$2:M$30=$A27)*(Cronograma!$B$2:$B$30=TRUE))>0))+((SUMPRODUCT((Cronograma!N$2:N$30=$A27)*1)=0)*NOT(SUMPRODUCT((Cronograma!O$2:O$30=$A27)*(Cronograma!$B$2:$B$30=FALSE))>0))>0),(((SUMPRODUCT((Cronograma!O$2:O$30=$A27)*1)=0)*NOT(SUMPRODUCT((Cronograma!N$2:N$30=$A27)*(Cronograma!$B$2:$B$30=TRUE))>0))+((SUMPRODUCT((Cronograma!O$2:O$30=$A27)*1)=0)*NOT(SUMPRODUCT((Cronograma!P$2:P$30=$A27)*(Cronograma!$B$2:$B$30=FALSE))>0))>0),(((SUMPRODUCT((Cronograma!P$2:P$30=$A27)*1)=0)*NOT(SUMPRODUCT((Cronograma!O$2:O$30=$A27)*(Cronograma!$B$2:$B$30=TRUE))>0))+((SUMPRODUCT((Cronograma!P$2:P$30=$A27)*1)=0)*NOT(SUMPRODUCT((Cronograma!Q$2:Q$30=$A27)*(Cronograma!$B$2:$B$30=FALSE))>0))>0),((SUMPRODUCT((Cronograma!Q$2:Q$30=$A27)*1)=0)*NOT(SUMPRODUCT((Cronograma!P$2:P$30=$A27)*(Cronograma!$B$2:$B$30=TRUE))>0))) -> 0 | E27: {=_xlfn.XLOOKUP("Adriana",Cronograma!C2:C30,Cronograma!A2:A30,"")} -> 0 | F27: {=_xlfn.XLOOKUP("Adriana",Cronograma!D2:D30,Cronograma!A2:A30,"")} -> 0 | G27: {=_xlfn.XLOOKUP("Adriana",Cronograma!E2:E30,Cronograma!A2:A30,"")} -> 0 | H27: {=_xlfn.XLOOKUP("Adriana",Cronograma!F2:F30,Cronograma!A2:A30,"")} -> 0 | I27: {=_xlfn.XLOOKUP("Adriana",Cronograma!G2:G30,Cronograma!A2:A30,"")} -> 0 | J27: {=_xlfn.XLOOKUP("Adriana",Cronograma!H2:H30,Cronograma!A2:A30,"")} -> 0 | K27: {=_xlfn.XLOOKUP("Adriana",Cronograma!I2:I30,Cronograma!A2:A30,"")} -> 0 | L27: {=_xlfn.XLOOKUP("Adriana",Cronograma!J2:J30,Cronograma!A2:A30,"")} -> 0 | M27: {=_xlfn.XLOOKUP("Adriana",Cronograma!K2:K30,Cronograma!A2:A30,"")} -> 0 | N27: {=_xlfn.XLOOKUP("Adriana",Cronograma!L2:L30,Cronograma!A2:A30,"")} -> 0 | O27: {=_xlfn.XLOOKUP("Adriana",Cronograma!M2:M30,Cronograma!A2:A30,"")} -> 0 | P27: {=_xlfn.XLOOKUP("Adriana",Cronograma!N2:N30,Cronograma!A2:A30,"")} -> 0 | Q27: {=_xlfn.XLOOKUP("Adriana",Cronograma!O2:O30,Cronograma!A2:A30,"")} -> 0 | R27: {=_xlfn.XLOOKUP("Adriana",Cronograma!P2:P30,Cronograma!A2:A30,"")} -> 0 | S27: {=_xlfn.XLOOKUP("Adriana",Cronograma!Q2:Q30,Cronograma!A2:A30,"")} -> 0
A28: Claudia Patricia | B28: =SUMPRODUCT((Cronograma!B2:B30=FALSE) * (COUNTIF(E28:S28, Cronograma!A2:A30))) -> 0 | C28: =SUMPRODUCT((Cronograma!B2:B30=TRUE) * (COUNTIF(E28:S28, Cronograma!A2:A30))) -> 0 | D28: =SUM(((SUMPRODUCT((Cronograma!C$2:C$30=$A28)*1)=0)*NOT(SUMPRODUCT((Cronograma!D$2:D$30=$A28)*(Cronograma!$B$2:$B$30=FALSE))>0)),(((SUMPRODUCT((Cronograma!D$2:D$30=$A28)*1)=0)*NOT(SUMPRODUCT((Cronograma!C$2:C$30=$A28)*(Cronograma!$B$2:$B$30=TRUE))>0))+((SUMPRODUCT((Cronograma!D$2:D$30=$A28)*1)=0)*NOT(SUMPRODUCT((Cronograma!E$2:E$30=$A28)*(Cronograma!$B$2:$B$30=FALSE))>0))>0),(((SUMPRODUCT((Cronograma!E$2:E$30=$A28)*1)=0)*NOT(SUMPRODUCT((Cronograma!D$2:D$30=$A28)*(Cronograma!$B$2:$B$30=TRUE))>0))+((SUMPRODUCT((Cronograma!E$2:E$30=$A28)*1)=0)*NOT(SUMPRODUCT((Cronograma!F$2:F$30=$A28)*(Cronograma!$B$2:$B$30=FALSE))>0))>0),(((SUMPRODUCT((Cronograma!F$2:F$30=$A28)*1)=0)*NOT(SUMPRODUCT((Cronograma!E$2:E$30=$A28)*(Cronograma!$B$2:$B$30=TRUE))>0))+((SUMPRODUCT((Cronograma!F$2:F$30=$A28)*1)=0)*NOT(SUMPRODUCT((Cronograma!G$2:G$30=$A28)*(Cronograma!$B$2:$B$30=FALSE))>0))>0),(((SUMPRODUCT((Cronograma!G$2:G$30=$A28)*1)=0)*NOT(SUMPRODUCT((Cronograma!F$2:F$30=$A28)*(Cronograma!$B$2:$B$30=TRUE))>0))+((SUMPRODUCT((Cronograma!G$2:G$30=$A28)*1)=0)*NOT(SUMPRODUCT((Cronograma!H$2:H$30=$A28)*(Cronograma!$B$2:$B$30=FALSE))>0))>0),(((SUMPRODUCT((Cronograma!H$2:H$30=$A28)*1)=0)*NOT(SUMPRODUCT((Cronograma!G$2:G$30=$A28)*(Cronograma!$B$2:$B$30=TRUE))>0))+((SUMPRODUCT((Cronograma!H$2:H$30=$A28)*1)=0)*NOT(SUMPRODUCT((Cronograma!I$2:I$30=$A28)*(Cronograma!$B$2:$B$30=FALSE))>0))>0),(((SUMPRODUCT((Cronograma!I$2:I$30=$A28)*1)=0)*NOT(SUMPRODUCT((Cronograma!H$2:H$30=$A28)*(Cronograma!$B$2:$B$30=TRUE))>0))+((SUMPRODUCT((Cronograma!I$2:I$30=$A28)*1)=0)*NOT(SUMPRODUCT((Cronograma!J$2:J$30=$A28)*(Cronograma!$B$2:$B$30=FALSE))>0))>0),(((SUMPRODUCT((Cronograma!J$2:J$30=$A28)*1)=0)*NOT(SUMPRODUCT((Cronograma!I$2:I$30=$A28)*(Cronograma!$B$2:$B$30=TRUE))>0))+((SUMPRODUCT((Cronograma!J$2:J$30=$A28)*1)=0)*NOT(SUMPRODUCT((Cronograma!K$2:K$30=$A28)*(Cronograma!$B$2:$B$30=FALSE))>0))>0),(((SUMPRODUCT((Cronograma!K$2:K$30=$A28)*1)=0)*NOT(SUMPRODUCT((Cronograma!J$2:J$30=$A28)*(Cronograma!$B$2:$B$30=TRUE))>0))+((SUMPRODUCT((Cronograma!K$2:K$30=$A28)*1)=0)*NOT(SUMPRODUCT((Cronograma!L$2:L$30=$A28)*(Cronograma!$B$2:$B$30=FALSE))>0))>0),(((SUMPRODUCT((Cronograma!L$2:L$30=$A28)*1)=0)*NOT(SUMPRODUCT((Cronograma!K$2:K$30=$A28)*(Cronograma!$B$2:$B$30=TRUE))>0))+((SUMPRODUCT((Cronograma!L$2:L$30=$A28)*1)=0)*NOT(SUMPRODUCT((Cronograma!M$2:M$30=$A28)*(Cronograma!$B$2:$B$30=FALSE))>0))>0),(((SUMPRODUCT((Cronograma!M$2:M$30=$A28)*1)=0)*NOT(SUMPRODUCT((Cronograma!L$2:L$30=$A28)*(Cronograma!$B$2:$B$30=TRUE))>0))+((SUMPRODUCT((Cronograma!M$2:M$30=$A28)*1)=0)*NOT(SUMPRODUCT((Cronograma!N$2:N$30=$A28)*(Cronograma!$B$2:$B$30=FALSE))>0))>0),(((SUMPRODUCT((Cronograma!N$2:N$30=$A28)*1)=0)*NOT(SUMPRODUCT((Cronograma!M$2:M$30=$A28)*(Cronograma!$B$2:$B$30=TRUE))>0))+((SUMPRODUCT((Cronograma!N$2:N$30=$A28)*1)=0)*NOT(SUMPRODUCT((Cronograma!O$2:O$30=$A28)*(Cronograma!$B$2:$B$30=FALSE))>0))>0),(((SUMPRODUCT((Cronograma!O$2:O$30=$A28)*1)=0)*NOT(SUMPRODUCT((Cronograma!N$2:N$30=$A28)*(Cronograma!$B$2:$B$30=TRUE))>0))+((SUMPRODUCT((Cronograma!O$2:O$30=$A28)*1)=0)*NOT(SUMPRODUCT((Cronograma!P$2:P$30=$A28)*(Cronograma!$B$2:$B$30=FALSE))>0))>0),(((SUMPRODUCT((Cronograma!P$2:P$30=$A28)*1)=0)*NOT(SUMPRODUCT((Cronograma!O$2:O$30=$A28)*(Cronograma!$B$2:$B$30=TRUE))>0))+((SUMPRODUCT((Cronograma!P$2:P$30=$A28)*1)=0)*NOT(SUMPRODUCT((Cronograma!Q$2:Q$30=$A28)*(Cronograma!$B$2:$B$30=FALSE))>0))>0),((SUMPRODUCT((Cronograma!Q$2:Q$30=$A28)*1)=0)*NOT(SUMPRODUCT((Cronograma!P$2:P$30=$A28)*(Cronograma!$B$2:$B$30=TRUE))>0))) -> 0 | E28: {=_xlfn.XLOOKUP("Claudia Patricia",Cronograma!C2:C30,Cronograma!A2:A30,"")} -> 0 | F28: {=_xlfn.XLOOKUP("Claudia Patricia",Cronograma!D2:D30,Cronograma!A2:A30,"")} -> 0 | G28: {=_xlfn.XLOOKUP("Claudia Patricia",Cronograma!E2:E30,Cronograma!A2:A30,"")} -> 0 | H28: {=_xlfn.XLOOKUP("Claudia Patricia",Cronograma!F2:F30,Cronograma!A2:A30,"")} -> 0 | I28: {=_xlfn.XLOOKUP("Claudia Patricia",Cronograma!G2:G30,Cronograma!A2:A30,"")} -> 0 | J28: {=_xlfn.XLOOKUP("Claudia Patricia",Cronograma!H2:H30,Cronograma!A2:A30,"")} -> 0 | K28: {=_xlfn.XLOOKUP("Claudia Patricia",Cronograma!I2:I30,Cronograma!A2:A30,"")} -> 0 | L28: {=_xlfn.XLOOKUP("Claudia Patricia",Cronograma!J2:J30,Cronograma!A2:A30,"")} -> 0 | M28: {=_xlfn.XLOOKUP("Claudia Patricia",Cronograma!K2:K30,Cronograma!A2:A30,"")} -> 0 | N28: {=_xlfn.XLOOKUP("Claudia Patricia",Cronograma!L2:L30,Cronograma!A2:A30,"")} -> 0 | O28: {=_xlfn.XLOOKUP("Claudia Patricia",Cronograma!M2:M30,Cronograma!A2:A30,"")} -> 0 | P28: {=_xlfn.XLOOKUP("Claudia Patricia",Cronograma!N2:N30,Cronograma!A2:A30,"")} -> 0 | Q28: {=_xlfn.XLOOKUP("Claudia Patricia",Cronograma!O2:O30,Cronograma!A2:A30,"")} -> 0 | R28: {=_xlfn.XLOOKUP("Claudia Patricia",Cronograma!P2:P30,Cronograma!A2:A30,"")} -> 0 | S28: {=_xlfn.XLOOKUP("Claudia Patricia",Cronograma!Q2:Q30,Cronograma!A2:A30,"")} -> 0
A29: Luz Estela | B29: =SUMPRODUCT((Cronograma!B2:B30=FALSE) * (COUNTIF(E29:S29, Cronograma!A2:A30))) -> 0 | C29: =SUMPRODUCT((Cronograma!B2:B30=TRUE) * (COUNTIF(E29:S29, Cronograma!A2:A30))) -> 0 | D29: =SUM(((SUMPRODUCT((Cronograma!C$2:C$30=$A29)*1)=0)*NOT(SUMPRODUCT((Cronograma!D$2:D$30=$A29)*(Cronograma!$B$2:$B$30=FALSE))>0)),(((SUMPRODUCT((Cronograma!D$2:D$30=$A29)*1)=0)*NOT(SUMPRODUCT((Cronograma!C$2:C$30=$A29)*(Cronograma!$B$2:$B$30=TRUE))>0))+((SUMPRODUCT((Cronograma!D$2:D$30=$A29)*1)=0)*NOT(SUMPRODUCT((Cronograma!E$2:E$30=$A29)*(Cronograma!$B$2:$B$30=FALSE))>0))>0),(((SUMPRODUCT((Cronograma!E$2:E$30=$A29)*1)=0)*NOT(SUMPRODUCT((Cronograma!D$2:D$30=$A29)*(Cronograma!$B$2:$B$30=TRUE))>0))+((SUMPRODUCT((Cronograma!E$2:E$30=$A29)*1)=0)*NOT(SUMPRODUCT((Cronograma!F$2:F$30=$A29)*(Cronograma!$B$2:$B$30=FALSE))>0))>0),(((SUMPRODUCT((Cronograma!F$2:F$30=$A29)*1)=0)*NOT(SUMPRODUCT((Cronograma!E$2:E$30=$A29)*(Cronograma!$B$2:$B$30=TRUE))>0))+((SUMPRODUCT((Cronograma!F$2:F$30=$A29)*1)=0)*NOT(SUMPRODUCT((Cronograma!G$2:G$30=$A29)*(Cronograma!$B$2:$B$30=FALSE))>0))>0),(((SUMPRODUCT((Cronograma!G$2:G$30=$A29)*1)=0)*NOT(SUMPRODUCT((Cronograma!F$2:F$30=$A29)*(Cronograma!$B$2:$B$30=TRUE))>0))+((SUMPRODUCT((Cronograma!G$2:G$30=$A29)*1)=0)*NOT(SUMPRODUCT((Cronograma!H$2:H$30=$A29)*(Cronograma!$B$2:$B$30=FALSE))>0))>0),(((SUMPRODUCT((Cronograma!H$2:H$30=$A29)*1)=0)*NOT(SUMPRODUCT((Cronograma!G$2:G$30=$A29)*(Cronograma!$B$2:$B$30=TRUE))>0))+((SUMPRODUCT((Cronograma!H$2:H$30=$A29)*1)=0)*NOT(SUMPRODUCT((Cronograma!I$2:I$30=$A29)*(Cronograma!$B$2:$B$30=FALSE))>0))>0),(((SUMPRODUCT((Cronograma!I$2:I$30=$A29)*1)=0)*NOT(SUMPRODUCT((Cronograma!H$2:H$30=$A29)*(Cronograma!$B$2:$B$30=TRUE))>0))+((SUMPRODUCT((Cronograma!I$2:I$30=$A29)*1)=0)*NOT(SUMPRODUCT((Cronograma!J$2:J$30=$A29)*(Cronograma!$B$2:$B$30=FALSE))>0))>0),(((SUMPRODUCT((Cronograma!J$2:J$30=$A29)*1)=0)*NOT(SUMPRODUCT((Cronograma!I$2:I$30=$A29)*(Cronograma!$B$2:$B$30=TRUE))>0))+((SUMPRODUCT((Cronograma!J$2:J$30=$A29)*1)=0)*NOT(SUMPRODUCT((Cronograma!K$2:K$30=$A29)*(Cronograma!$B$2:$B$30=FALSE))>0))>0),(((SUMPRODUCT((Cronograma!K$2:K$30=$A29)*1)=0)*NOT(SUMPRODUCT((Cronograma!J$2:J$30=$A29)*(Cronograma!$B$2:$B$30=TRUE))>0))+((SUMPRODUCT((Cronograma!K$2:K$30=$A29)*1)=0)*NOT(SUMPRODUCT((Cronograma!L$2:L$30=$A29)*(Cronograma!$B$2:$B$30=FALSE))>0))>0),(((SUMPRODUCT((Cronograma!L$2:L$30=$A29)*1)=0)*NOT(SUMPRODUCT((Cronograma!K$2:K$30=$A29)*(Cronograma!$B$2:$B$30=TRUE))>0))+((SUMPRODUCT((Cronograma!L$2:L$30=$A29)*1)=0)*NOT(SUMPRODUCT((Cronograma!M$2:M$30=$A29)*(Cronograma!$B$2:$B$30=FALSE))>0))>0),(((SUMPRODUCT((Cronograma!M$2:M$30=$A29)*1)=0)*NOT(SUMPRODUCT((Cronograma!L$2:L$30=$A29)*(Cronograma!$B$2:$B$30=TRUE))>0))+((SUMPRODUCT((Cronograma!M$2:M$30=$A29)*1)=0)*NOT(SUMPRODUCT((Cronograma!N$2:N$30=$A29)*(Cronograma!$B$2:$B$30=FALSE))>0))>0),(((SUMPRODUCT((Cronograma!N$2:N$30=$A29)*1)=0)*NOT(SUMPRODUCT((Cronograma!M$2:M$30=$A29)*(Cronograma!$B$2:$B$30=TRUE))>0))+((SUMPRODUCT((Cronograma!N$2:N$30=$A29)*1)=0)*NOT(SUMPRODUCT((Cronograma!O$2:O$30=$A29)*(Cronograma!$B$2:$B$30=FALSE))>0))>0),(((SUMPRODUCT((Cronograma!O$2:O$30=$A29)*1)=0)*NOT(SUMPRODUCT((Cronograma!N$2:N$30=$A29)*(Cronograma!$B$2:$B$30=TRUE))>0))+((SUMPRODUCT((Cronograma!O$2:O$30=$A29)*1)=0)*NOT(SUMPRODUCT((Cronograma!P$2:P$30=$A29)*(Cronograma!$B$2:$B$30=FALSE))>0))>0),(((SUMPRODUCT((Cronograma!P$2:P$30=$A29)*1)=0)*NOT(SUMPRODUCT((Cronograma!O$2:O$30=$A29)*(Cronograma!$B$2:$B$30=TRUE))>0))+((SUMPRODUCT((Cronograma!P$2:P$30=$A29)*1)=0)*NOT(SUMPRODUCT((Cronograma!Q$2:Q$30=$A29)*(Cronograma!$B$2:$B$30=FALSE))>0))>0),((SUMPRODUCT((Cronograma!Q$2:Q$30=$A29)*1)=0)*NOT(SUMPRODUCT((Cronograma!P$2:P$30=$A29)*(Cronograma!$B$2:$B$30=TRUE))>0))) -> 0 | E29: {=_xlfn.XLOOKUP("Luz Estela",Cronograma!C2:C30,Cronograma!A2:A30,"")} -> 0 | F29: {=_xlfn.XLOOKUP("Luz Estela",Cronograma!D2:D30,Cronograma!A2:A30,"")} -> 0 | G29: {=_xlfn.XLOOKUP("Luz Estela",Cronograma!E2:E30,Cronograma!A2:A30,"")} -> 0 | H29: {=_xlfn.XLOOKUP("Luz Estela",Cronograma!F2:F30,Cronograma!A2:A30,"")} -> 0 | I29: {=_xlfn.XLOOKUP("Luz Estela",Cronograma!G2:G30,Cronograma!A2:A30,"")} -> 0 | J29: {=_xlfn.XLOOKUP("Luz Estela",Cronograma!H2:H30,Cronograma!A2:A30,"")} -> 0 | K29: {=_xlfn.XLOOKUP("Luz Estela",Cronograma!I2:I30,Cronograma!A2:A30,"")} -> 0 | L29: {=_xlfn.XLOOKUP("Luz Estela",Cronograma!J2:J30,Cronograma!A2:A30,"")} -> 0 | M29: {=_xlfn.XLOOKUP("Luz Estela",Cronograma!K2:K30,Cronograma!A2:A30,"")} -> 0 | N29: {=_xlfn.XLOOKUP("Luz Estela",Cronograma!L2:L30,Cronograma!A2:A30,"")} -> 0 | O29: {=_xlfn.XLOOKUP("Luz Estela",Cronograma!M2:M30,Cronograma!A2:A30,"")} -> 0 | P29: {=_xlfn.XLOOKUP("Luz Estela",Cronograma!N2:N30,Cronograma!A2:A30,"")} -> 0 | Q29: {=_xlfn.XLOOKUP("Luz Estela",Cronograma!O2:O30,Cronograma!A2:A30,"")} -> 0 | R29: {=_xlfn.XLOOKUP("Luz Estela",Cronograma!P2:P30,Cronograma!A2:A30,"")} -> 0 | S29: {=_xlfn.XLOOKUP("Luz Estela",Cronograma!Q2:Q30,Cronograma!A2:A30,"")} -> 0
A30: Ofelia | B30: =SUMPRODUCT((Cronograma!B2:B30=FALSE) * (COUNTIF(E30:S30, Cronograma!A2:A30))) -> 0 | C30: =SUMPRODUCT((Cronograma!B2:B30=TRUE) * (COUNTIF(E30:S30, Cronograma!A2:A30))) -> 0 | D30: =SUM(((SUMPRODUCT((Cronograma!C$2:C$30=$A30)*1)=0)*NOT(SUMPRODUCT((Cronograma!D$2:D$30=$A30)*(Cronograma!$B$2:$B$30=FALSE))>0)),(((SUMPRODUCT((Cronograma!D$2:D$30=$A30)*1)=0)*NOT(SUMPRODUCT((Cronograma!C$2:C$30=$A30)*(Cronograma!$B$2:$B$30=TRUE))>0))+((SUMPRODUCT((Cronograma!D$2:D$30=$A30)*1)=0)*NOT(SUMPRODUCT((Cronograma!E$2:E$30=$A30)*(Cronograma!$B$2:$B$30=FALSE))>0))>0),(((SUMPRODUCT((Cronograma!E$2:E$30=$A30)*1)=0)*NOT(SUMPRODUCT((Cronograma!D$2:D$30=$A30)*(Cronograma!$B$2:$B$30=TRUE))>0))+((SUMPRODUCT((Cronograma!E$2:E$30=$A30)*1)=0)*NOT(SUMPRODUCT((Cronograma!F$2:F$30=$A30)*(Cronograma!$B$2:$B$30=FALSE))>0))>0),(((SUMPRODUCT((Cronograma!F$2:F$30=$A30)*1)=0)*NOT(SUMPRODUCT((Cronograma!E$2:E$30=$A30)*(Cronograma!$B$2:$B$30=TRUE))>0))+((SUMPRODUCT((Cronograma!F$2:F$30=$A30)*1)=0)*NOT(SUMPRODUCT((Cronograma!G$2:G$30=$A30)*(Cronograma!$B$2:$B$30=FALSE))>0))>0),(((SUMPRODUCT((Cronograma!G$2:G$30=$A30)*1)=0)*NOT(SUMPRODUCT((Cronograma!F$2:F$30=$A30)*(Cronograma!$B$2:$B$30=TRUE))>0))+((SUMPRODUCT((Cronograma!G$2:G$30=$A30)*1)=0)*NOT(SUMPRODUCT((Cronograma!H$2:H$30=$A30)*(Cronograma!$B$2:$B$30=FALSE))>0))>0),(((SUMPRODUCT((Cronograma!H$2:H$30=$A30)*1)=0)*NOT(SUMPRODUCT((Cronograma!G$2:G$30=$A30)*(Cronograma!$B$2:$B$30=TRUE))>0))+((SUMPRODUCT((Cronograma!H$2:H$30=$A30)*1)=0)*NOT(SUMPRODUCT((Cronograma!I$2:I$30=$A30)*(Cronograma!$B$2:$B$30=FALSE))>0))>0),(((SUMPRODUCT((Cronograma!I$2:I$30=$A30)*1)=0)*NOT(SUMPRODUCT((Cronograma!H$2:H$30=$A30)*(Cronograma!$B$2:$B$30=TRUE))>0))+((SUMPRODUCT((Cronograma!I$2:I$30=$A30)*1)=0)*NOT(SUMPRODUCT((Cronograma!J$2:J$30=$A30)*(Cronograma!$B$2:$B$30=FALSE))>0))>0),(((SUMPRODUCT((Cronograma!J$2:J$30=$A30)*1)=0)*NOT(SUMPRODUCT((Cronograma!I$2:I$30=$A30)*(Cronograma!$B$2:$B$30=TRUE))>0))+((SUMPRODUCT((Cronograma!J$2:J$30=$A30)*1)=0)*NOT(SUMPRODUCT((Cronograma!K$2:K$30=$A30)*(Cronograma!$B$2:$B$30=FALSE))>0))>0),(((SUMPRODUCT((Cronograma!K$2:K$30=$A30)*1)=0)*NOT(SUMPRODUCT((Cronograma!J$2:J$30=$A30)*(Cronograma!$B$2:$B$30=TRUE))>0))+((SUMPRODUCT((Cronograma!K$2:K$30=$A30)*1)=0)*NOT(SUMPRODUCT((Cronograma!L$2:L$30=$A30)*(Cronograma!$B$2:$B$30=FALSE))>0))>0),(((SUMPRODUCT((Cronograma!L$2:L$30=$A30)*1)=0)*NOT(SUMPRODUCT((Cronograma!K$2:K$30=$A30)*(Cronograma!$B$2:$B$30=TRUE))>0))+((SUMPRODUCT((Cronograma!L$2:L$30=$A30)*1)=0)*NOT(SUMPRODUCT((Cronograma!M$2:M$30=$A30)*(Cronograma!$B$2:$B$30=FALSE))>0))>0),(((SUMPRODUCT((Cronograma!M$2:M$30=$A30)*1)=0)*NOT(SUMPRODUCT((Cronograma!L$2:L$30=$A30)*(Cronograma!$B$2:$B$30=TRUE))>0))+((SUMPRODUCT((Cronograma!M$2:M$30=$A30)*1)=0)*NOT(SUMPRODUCT((Cronograma!N$2:N$30=$A30)*(Cronograma!$B$2:$B$30=FALSE))>0))>0),(((SUMPRODUCT((Cronograma!N$2:N$30=$A30)*1)=0)*NOT(SUMPRODUCT((Cronograma!M$2:M$30=$A30)*(Cronograma!$B$2:$B$30=TRUE))>0))+((SUMPRODUCT((Cronograma!N$2:N$30=$A30)*1)=0)*NOT(SUMPRODUCT((Cronograma!O$2:O$30=$A30)*(Cronograma!$B$2:$B$30=FALSE))>0))>0),(((SUMPRODUCT((Cronograma!O$2:O$30=$A30)*1)=0)*NOT(SUMPRODUCT((Cronograma!N$2:N$30=$A30)*(Cronograma!$B$2:$B$30=TRUE))>0))+((SUMPRODUCT((Cronograma!O$2:O$30=$A30)*1)=0)*NOT(SUMPRODUCT((Cronograma!P$2:P$30=$A30)*(Cronograma!$B$2:$B$30=FALSE))>0))>0),(((SUMPRODUCT((Cronograma!P$2:P$30=$A30)*1)=0)*NOT(SUMPRODUCT((Cronograma!O$2:O$30=$A30)*(Cronograma!$B$2:$B$30=TRUE))>0))+((SUMPRODUCT((Cronograma!P$2:P$30=$A30)*1)=0)*NOT(SUMPRODUCT((Cronograma!Q$2:Q$30=$A30)*(Cronograma!$B$2:$B$30=FALSE))>0))>0),((SUMPRODUCT((Cronograma!Q$2:Q$30=$A30)*1)=0)*NOT(SUMPRODUCT((Cronograma!P$2:P$30=$A30)*(Cronograma!$B$2:$B$30=TRUE))>0))) -> 0 | E30: {=_xlfn.XLOOKUP("Ofelia",Cronograma!C2:C30,Cronograma!A2:A30,"")} -> 0 | F30: {=_xlfn.XLOOKUP("Ofelia",Cronograma!D2:D30,Cronograma!A2:A30,"")} -> 0 | G30: {=_xlfn.XLOOKUP("Ofelia",Cronograma!E2:E30,Cronograma!A2:A30,"")} -> 0 | H30: {=_xlfn.XLOOKUP("Ofelia",Cronograma!F2:F30,Cronograma!A2:A30,"")} -> 0 | I30: {=_xlfn.XLOOKUP("Ofelia",Cronograma!G2:G30,Cronograma!A2:A30,"")} -> 0 | J30: {=_xlfn.XLOOKUP("Ofelia",Cronograma!H2:H30,Cronograma!A2:A30,"")} -> 0 | K30: {=_xlfn.XLOOKUP("Ofelia",Cronograma!I2:I30,Cronograma!A2:A30,"")} -> 0 | L30: {=_xlfn.XLOOKUP("Ofelia",Cronograma!J2:J30,Cronograma!A2:A30,"")} -> 0 | M30: {=_xlfn.XLOOKUP("Ofelia",Cronograma!K2:K30,Cronograma!A2:A30,"")} -> 0 | N30: {=_xlfn.XLOOKUP("Ofelia",Cronograma!L2:L30,Cronograma!A2:A30,"")} -> 0 | O30: {=_xlfn.XLOOKUP("Ofelia",Cronograma!M2:M30,Cronograma!A2:A30,"")} -> 0 | P30: {=_xlfn.XLOOKUP("Ofelia",Cronograma!N2:N30,Cronograma!A2:A30,"")} -> 0 | Q30: {=_xlfn.XLOOKUP("Ofelia",Cronograma!O2:O30,Cronograma!A2:A30,"")} -> 0 | R30: {=_xlfn.XLOOKUP("Ofelia",Cronograma!P2:P30,Cronograma!A2:A30,"")} -> 0 | S30: {=_xlfn.XLOOKUP("Ofelia",Cronograma!Q2:Q30,Cronograma!A2:A30,"")} -> 0
A31: Jeferson | B31: =SUMPRODUCT((Cronograma!B2:B30=FALSE) * (COUNTIF(E31:S31, Cronograma!A2:A30))) -> 0 | C31: =SUMPRODUCT((Cronograma!B2:B30=TRUE) * (COUNTIF(E31:S31, Cronograma!A2:A30))) -> 0 | D31: =SUM(((SUMPRODUCT((Cronograma!C$2:C$30=$A31)*1)=0)*NOT(SUMPRODUCT((Cronograma!D$2:D$30=$A31)*(Cronograma!$B$2:$B$30=FALSE))>0)),(((SUMPRODUCT((Cronograma!D$2:D$30=$A31)*1)=0)*NOT(SUMPRODUCT((Cronograma!C$2:C$30=$A31)*(Cronograma!$B$2:$B$30=TRUE))>0))+((SUMPRODUCT((Cronograma!D$2:D$30=$A31)*1)=0)*NOT(SUMPRODUCT((Cronograma!E$2:E$30=$A31)*(Cronograma!$B$2:$B$30=FALSE))>0))>0),(((SUMPRODUCT((Cronograma!E$2:E$30=$A31)*1)=0)*NOT(SUMPRODUCT((Cronograma!D$2:D$30=$A31)*(Cronograma!$B$2:$B$30=TRUE))>0))+((SUMPRODUCT((Cronograma!E$2:E$30=$A31)*1)=0)*NOT(SUMPRODUCT((Cronograma!F$2:F$30=$A31)*(Cronograma!$B$2:$B$30=FALSE))>0))>0),(((SUMPRODUCT((Cronograma!F$2:F$30=$A31)*1)=0)*NOT(SUMPRODUCT((Cronograma!E$2:E$30=$A31)*(Cronograma!$B$2:$B$30=TRUE))>0))+((SUMPRODUCT((Cronograma!F$2:F$30=$A31)*1)=0)*NOT(SUMPRODUCT((Cronograma!G$2:G$30=$A31)*(Cronograma!$B$2:$B$30=FALSE))>0))>0),(((SUMPRODUCT((Cronograma!G$2:G$30=$A31)*1)=0)*NOT(SUMPRODUCT((Cronograma!F$2:F$30=$A31)*(Cronograma!$B$2:$B$30=TRUE))>0))+((SUMPRODUCT((Cronograma!G$2:G$30=$A31)*1)=0)*NOT(SUMPRODUCT((Cronograma!H$2:H$30=$A31)*(Cronograma!$B$2:$B$30=FALSE))>0))>0),(((SUMPRODUCT((Cronograma!H$2:H$30=$A31)*1)=0)*NOT(SUMPRODUCT((Cronograma!G$2:G$30=$A31)*(Cronograma!$B$2:$B$30=TRUE))>0))+((SUMPRODUCT((Cronograma!H$2:H$30=$A31)*1)=0)*NOT(SUMPRODUCT((Cronograma!I$2:I$30=$A31)*(Cronograma!$B$2:$B$30=FALSE))>0))>0),(((SUMPRODUCT((Cronograma!I$2:I$30=$A31)*1)=0)*NOT(SUMPRODUCT((Cronograma!H$2:H$30=$A31)*(Cronograma!$B$2:$B$30=TRUE))>0))+((SUMPRODUCT((Cronograma!I$2:I$30=$A31)*1)=0)*NOT(SUMPRODUCT((Cronograma!J$2:J$30=$A31)*(Cronograma!$B$2:$B$30=FALSE))>0))>0),(((SUMPRODUCT((Cronograma!J$2:J$30=$A31)*1)=0)*NOT(SUMPRODUCT((Cronograma!I$2:I$30=$A31)*(Cronograma!$B$2:$B$30=TRUE))>0))+((SUMPRODUCT((Cronograma!J$2:J$30=$A31)*1)=0)*NOT(SUMPRODUCT((Cronograma!K$2:K$30=$A31)*(Cronograma!$B$2:$B$30=FALSE))>0))>0),(((SUMPRODUCT((Cronograma!K$2:K$30=$A31)*1)=0)*NOT(SUMPRODUCT((Cronograma!J$2:J$30=$A31)*(Cronograma!$B$2:$B$30=TRUE))>0))+((SUMPRODUCT((Cronograma!K$2:K$30=$A31)*1)=0)*NOT(SUMPRODUCT((Cronograma!L$2:L$30=$A31)*(Cronograma!$B$2:$B$30=FALSE))>0))>0),(((SUMPRODUCT((Cronograma!L$2:L$30=$A31)*1)=0)*NOT(SUMPRODUCT((Cronograma!K$2:K$30=$A31)*(Cronograma!$B$2:$B$30=TRUE))>0))+((SUMPRODUCT((Cronograma!L$2:L$30=$A31)*1)=0)*NOT(SUMPRODUCT((Cronograma!M$2:M$30=$A31)*(Cronograma!$B$2:$B$30=FALSE))>0))>0),(((SUMPRODUCT((Cronograma!M$2:M$30=$A31)*1)=0)*NOT(SUMPRODUCT((Cronograma!L$2:L$30=$A31)*(Cronograma!$B$2:$B$30=TRUE))>0))+((SUMPRODUCT((Cronograma!M$2:M$30=$A31)*1)=0)*NOT(SUMPRODUCT((Cronograma!N$2:N$30=$A31)*(Cronograma!$B$2:$B$30=FALSE))>0))>0),(((SUMPRODUCT((Cronograma!N$2:N$30=$A31)*1)=0)*NOT(SUMPRODUCT((Cronograma!M$2:M$30=$A31)*(Cronograma!$B$2:$B$30=TRUE))>0))+((SUMPRODUCT((Cronograma!N$2:N$30=$A31)*1)=0)*NOT(SUMPRODUCT((Cronograma!O$2:O$30=$A31)*(Cronograma!$B$2:$B$30=FALSE))>0))>0),(((SUMPRODUCT((Cronograma!O$2:O$30=$A31)*1)=0)*NOT(SUMPRODUCT((Cronograma!N$2:N$30=$A31)*(Cronograma!$B$2:$B$30=TRUE))>0))+((SUMPRODUCT((Cronograma!O$2:O$30=$A31)*1)=0)*NOT(SUMPRODUCT((Cronograma!P$2:P$30=$A31)*(Cronograma!$B$2:$B$30=FALSE))>0))>0),(((SUMPRODUCT((Cronograma!P$2:P$30=$A31)*1)=0)*NOT(SUMPRODUCT((Cronograma!O$2:O$30=$A31)*(Cronograma!$B$2:$B$30=TRUE))>0))+((SUMPRODUCT((Cronograma!P$2:P$30=$A31)*1)=0)*NOT(SUMPRODUCT((Cronograma!Q$2:Q$30=$A31)*(Cronograma!$B$2:$B$30=FALSE))>0))>0),((SUMPRODUCT((Cronograma!Q$2:Q$30=$A31)*1)=0)*NOT(SUMPRODUCT((Cronograma!P$2:P$30=$A31)*(Cronograma!$B$2:$B$30=TRUE))>0))) -> 0 | E31: {=_xlfn.XLOOKUP("Jeferson",Cronograma!C2:C30,Cronograma!A2:A30,"")} -> 0 | F31: {=_xlfn.XLOOKUP("Jeferson",Cronograma!D2:D30,Cronograma!A2:A30,"")} -> 0 | G31: {=_xlfn.XLOOKUP("Jeferson",Cronograma!E2:E30,Cronograma!A2:A30,"")} -> 0 | H31: {=_xlfn.XLOOKUP("Jeferson",Cronograma!F2:F30,Cronograma!A2:A30,"")} -> 0 | I31: {=_xlfn.XLOOKUP("Jeferson",Cronograma!G2:G30,Cronograma!A2:A30,"")} -> 0 | J31: {=_xlfn.XLOOKUP("Jeferson",Cronograma!H2:H30,Cronograma!A2:A30,"")} -> 0 | K31: {=_xlfn.XLOOKUP("Jeferson",Cronograma!I2:I30,Cronograma!A2:A30,"")} -> 0 | L31: {=_xlfn.XLOOKUP("Jeferson",Cronograma!J2:J30,Cronograma!A2:A30,"")} -> 0 | M31: {=_xlfn.XLOOKUP("Jeferson",Cronograma!K2:K30,Cronograma!A2:A30,"")} -> 0 | N31: {=_xlfn.XLOOKUP("Jeferson",Cronograma!L2:L30,Cronograma!A2:A30,"")} -> 0 | O31: {=_xlfn.XLOOKUP("Jeferson",Cronograma!M2:M30,Cronograma!A2:A30,"")} -> 0 | P31: {=_xlfn.XLOOKUP("Jeferson",Cronograma!N2:N30,Cronograma!A2:A30,"")} -> 0 | Q31: {=_xlfn.XLOOKUP("Jeferson",Cronograma!O2:O30,Cronograma!A2:A30,"")} -> 0 | R31: {=_xlfn.XLOOKUP("Jeferson",Cronograma!P2:P30,Cronograma!A2:A30,"")} -> 0 | S31: {=_xlfn.XLOOKUP("Jeferson",Cronograma!Q2:Q30,Cronograma!A2:A30,"")} -> 0
A32: Dora | B32: =SUMPRODUCT((Cronograma!B2:B30=FALSE) * (COUNTIF(E32:S32, Cronograma!A2:A30))) -> 0 | C32: =SUMPRODUCT((Cronograma!B2:B30=TRUE) * (COUNTIF(E32:S32, Cronograma!A2:A30))) -> 0 | D32: =SUM(((SUMPRODUCT((Cronograma!C$2:C$30=$A32)*1)=0)*NOT(SUMPRODUCT((Cronograma!D$2:D$30=$A32)*(Cronograma!$B$2:$B$30=FALSE))>0)),(((SUMPRODUCT((Cronograma!D$2:D$30=$A32)*1)=0)*NOT(SUMPRODUCT((Cronograma!C$2:C$30=$A32)*(Cronograma!$B$2:$B$30=TRUE))>0))+((SUMPRODUCT((Cronograma!D$2:D$30=$A32)*1)=0)*NOT(SUMPRODUCT((Cronograma!E$2:E$30=$A32)*(Cronograma!$B$2:$B$30=FALSE))>0))>0),(((SUMPRODUCT((Cronograma!E$2:E$30=$A32)*1)=0)*NOT(SUMPRODUCT((Cronograma!D$2:D$30=$A32)*(Cronograma!$B$2:$B$30=TRUE))>0))+((SUMPRODUCT((Cronograma!E$2:E$30=$A32)*1)=0)*NOT(SUMPRODUCT((Cronograma!F$2:F$30=$A32)*(Cronograma!$B$2:$B$30=FALSE))>0))>0),(((SUMPRODUCT((Cronograma!F$2:F$30=$A32)*1)=0)*NOT(SUMPRODUCT((Cronograma!E$2:E$30=$A32)*(Cronograma!$B$2:$B$30=TRUE))>0))+((SUMPRODUCT((Cronograma!F$2:F$30=$A32)*1)=0)*NOT(SUMPRODUCT((Cronograma!G$2:G$30=$A32)*(Cronograma!$B$2:$B$30=FALSE))>0))>0),(((SUMPRODUCT((Cronograma!G$2:G$30=$A32)*1)=0)*NOT(SUMPRODUCT((Cronograma!F$2:F$30=$A32)*(Cronograma!$B$2:$B$30=TRUE))>0))+((SUMPRODUCT((Cronograma!G$2:G$30=$A32)*1)=0)*NOT(SUMPRODUCT((Cronograma!H$2:H$30=$A32)*(Cronograma!$B$2:$B$30=FALSE))>0))>0),(((SUMPRODUCT((Cronograma!H$2:H$30=$A32)*1)=0)*NOT(SUMPRODUCT((Cronograma!G$2:G$30=$A32)*(Cronograma!$B$2:$B$30=TRUE))>0))+((SUMPRODUCT((Cronograma!H$2:H$30=$A32)*1)=0)*NOT(SUMPRODUCT((Cronograma!I$2:I$30=$A32)*(Cronograma!$B$2:$B$30=FALSE))>0))>0),(((SUMPRODUCT((Cronograma!I$2:I$30=$A32)*1)=0)*NOT(SUMPRODUCT((Cronograma!H$2:H$30=$A32)*(Cronograma!$B$2:$B$30=TRUE))>0))+((SUMPRODUCT((Cronograma!I$2:I$30=$A32)*1)=0)*NOT(SUMPRODUCT((Cronograma!J$2:J$30=$A32)*(Cronograma!$B$2:$B$30=FALSE))>0))>0),(((SUMPRODUCT((Cronograma!J$2:J$30=$A32)*1)=0)*NOT(SUMPRODUCT((Cronograma!I$2:I$30=$A32)*(Cronograma!$B$2:$B$30=TRUE))>0))+((SUMPRODUCT((Cronograma!J$2:J$30=$A32)*1)=0)*NOT(SUMPRODUCT((Cronograma!K$2:K$30=$A32)*(Cronograma!$B$2:$B$30=FALSE))>0))>0),(((SUMPRODUCT((Cronograma!K$2:K$30=$A32)*1)=0)*NOT(SUMPRODUCT((Cronograma!J$2:J$30=$A32)*(Cronograma!$B$2:$B$30=TRUE))>0))+((SUMPRODUCT((Cronograma!K$2:K$30=$A32)*1)=0)*NOT(SUMPRODUCT((Cronograma!L$2:L$30=$A32)*(Cronograma!$B$2:$B$30=FALSE))>0))>0),(((SUMPRODUCT((Cronograma!L$2:L$30=$A32)*1)=0)*NOT(SUMPRODUCT((Cronograma!K$2:K$30=$A32)*(Cronograma!$B$2:$B$30=TRUE))>0))+((SUMPRODUCT((Cronograma!L$2:L$30=$A32)*1)=0)*NOT(SUMPRODUCT((Cronograma!M$2:M$30=$A32)*(Cronograma!$B$2:$B$30=FALSE))>0))>0),(((SUMPRODUCT((Cronograma!M$2:M$30=$A32)*1)=0)*NOT(SUMPRODUCT((Cronograma!L$2:L$30=$A32)*(Cronograma!$B$2:$B$30=TRUE))>0))+((SUMPRODUCT((Cronograma!M$2:M$30=$A32)*1)=0)*NOT(SUMPRODUCT((Cronograma!N$2:N$30=$A32)*(Cronograma!$B$2:$B$30=FALSE))>0))>0),(((SUMPRODUCT((Cronograma!N$2:N$30=$A32)*1)=0)*NOT(SUMPRODUCT((Cronograma!M$2:M$30=$A32)*(Cronograma!$B$2:$B$30=TRUE))>0))+((SUMPRODUCT((Cronograma!N$2:N$30=$A32)*1)=0)*NOT(SUMPRODUCT((Cronograma!O$2:O$30=$A32)*(Cronograma!$B$2:$B$30=FALSE))>0))>0),(((SUMPRODUCT((Cronograma!O$2:O$30=$A32)*1)=0)*NOT(SUMPRODUCT((Cronograma!N$2:N$30=$A32)*(Cronograma!$B$2:$B$30=TRUE))>0))+((SUMPRODUCT((Cronograma!O$2:O$30=$A32)*1)=0)*NOT(SUMPRODUCT((Cronograma!P$2:P$30=$A32)*(Cronograma!$B$2:$B$30=FALSE))>0))>0),(((SUMPRODUCT((Cronograma!P$2:P$30=$A32)*1)=0)*NOT(SUMPRODUCT((Cronograma!O$2:O$30=$A32)*(Cronograma!$B$2:$B$30=TRUE))>0))+((SUMPRODUCT((Cronograma!P$2:P$30=$A32)*1)=0)*NOT(SUMPRODUCT((Cronograma!Q$2:Q$30=$A32)*(Cronograma!$B$2:$B$30=FALSE))>0))>0),((SUMPRODUCT((Cronograma!Q$2:Q$30=$A32)*1)=0)*NOT(SUMPRODUCT((Cronograma!P$2:P$30=$A32)*(Cronograma!$B$2:$B$30=TRUE))>0))) -> 0 | E32: {=_xlfn.XLOOKUP("Dora",Cronograma!C2:C30,Cronograma!A2:A30,"")} -> 0 | F32: {=_xlfn.XLOOKUP("Dora",Cronograma!D2:D30,Cronograma!A2:A30,"")} -> 0 | G32: {=_xlfn.XLOOKUP("Dora",Cronograma!E2:E30,Cronograma!A2:A30,"")} -> 0 | H32: {=_xlfn.XLOOKUP("Dora",Cronograma!F2:F30,Cronograma!A2:A30,"")} -> 0 | I32: {=_xlfn.XLOOKUP("Dora",Cronograma!G2:G30,Cronograma!A2:A30,"")} -> 0 | J32: {=_xlfn.XLOOKUP("Dora",Cronograma!H2:H30,Cronograma!A2:A30,"")} -> 0 | K32: {=_xlfn.XLOOKUP("Dora",Cronograma!I2:I30,Cronograma!A2:A30,"")} -> 0 | L32: {=_xlfn.XLOOKUP("Dora",Cronograma!J2:J30,Cronograma!A2:A30,"")} -> 0 | M32: {=_xlfn.XLOOKUP("Dora",Cronograma!K2:K30,Cronograma!A2:A30,"")} -> 0 | N32: {=_xlfn.XLOOKUP("Dora",Cronograma!L2:L30,Cronograma!A2:A30,"")} -> 0 | O32: {=_xlfn.XLOOKUP("Dora",Cronograma!M2:M30,Cronograma!A2:A30,"")} -> 0 | P32: {=_xlfn.XLOOKUP("Dora",Cronograma!N2:N30,Cronograma!A2:A30,"")} -> 0 | Q32: {=_xlfn.XLOOKUP("Dora",Cronograma!O2:O30,Cronograma!A2:A30,"")} -> 0 | R32: {=_xlfn.XLOOKUP("Dora",Cronograma!P2:P30,Cronograma!A2:A30,"")} -> 0 | S32: {=_xlfn.XLOOKUP("Dora",Cronograma!Q2:Q30,Cronograma!A2:A30,"")} -> 0
A33: Carolina | B33: =SUMPRODUCT((Cronograma!B2:B30=FALSE) * (COUNTIF(E33:S33, Cronograma!A2:A30))) -> 0 | C33: =SUMPRODUCT((Cronograma!B2:B30=TRUE) * (COUNTIF(E33:S33, Cronograma!A2:A30))) -> 0 | D33: =SUM(((SUMPRODUCT((Cronograma!C$2:C$30=$A33)*1)=0)*NOT(SUMPRODUCT((Cronograma!D$2:D$30=$A33)*(Cronograma!$B$2:$B$30=FALSE))>0)),(((SUMPRODUCT((Cronograma!D$2:D$30=$A33)*1)=0)*NOT(SUMPRODUCT((Cronograma!C$2:C$30=$A33)*(Cronograma!$B$2:$B$30=TRUE))>0))+((SUMPRODUCT((Cronograma!D$2:D$30=$A33)*1)=0)*NOT(SUMPRODUCT((Cronograma!E$2:E$30=$A33)*(Cronograma!$B$2:$B$30=FALSE))>0))>0),(((SUMPRODUCT((Cronograma!E$2:E$30=$A33)*1)=0)*NOT(SUMPRODUCT((Cronograma!D$2:D$30=$A33)*(Cronograma!$B$2:$B$30=TRUE))>0))+((SUMPRODUCT((Cronograma!E$2:E$30=$A33)*1)=0)*NOT(SUMPRODUCT((Cronograma!F$2:F$30=$A33)*(Cronograma!$B$2:$B$30=FALSE))>0))>0),(((SUMPRODUCT((Cronograma!F$2:F$30=$A33)*1)=0)*NOT(SUMPRODUCT((Cronograma!E$2:E$30=$A33)*(Cronograma!$B$2:$B$30=TRUE))>0))+((SUMPRODUCT((Cronograma!F$2:F$30=$A33)*1)=0)*NOT(SUMPRODUCT((Cronograma!G$2:G$30=$A33)*(Cronograma!$B$2:$B$30=FALSE))>0))>0),(((SUMPRODUCT((Cronograma!G$2:G$30=$A33)*1)=0)*NOT(SUMPRODUCT((Cronograma!F$2:F$30=$A33)*(Cronograma!$B$2:$B$30=TRUE))>0))+((SUMPRODUCT((Cronograma!G$2:G$30=$A33)*1)=0)*NOT(SUMPRODUCT((Cronograma!H$2:H$30=$A33)*(Cronograma!$B$2:$B$30=FALSE))>0))>0),(((SUMPRODUCT((Cronograma!H$2:H$30=$A33)*1)=0)*NOT(SUMPRODUCT((Cronograma!G$2:G$30=$A33)*(Cronograma!$B$2:$B$30=TRUE))>0))+((SUMPRODUCT((Cronograma!H$2:H$30=$A33)*1)=0)*NOT(SUMPRODUCT((Cronograma!I$2:I$30=$A33)*(Cronograma!$B$2:$B$30=FALSE))>0))>0),(((SUMPRODUCT((Cronograma!I$2:I$30=$A33)*1)=0)*NOT(SUMPRODUCT((Cronograma!H$2:H$30=$A33)*(Cronograma!$B$2:$B$30=TRUE))>0))+((SUMPRODUCT((Cronograma!I$2:I$30=$A33)*1)=0)*NOT(SUMPRODUCT((Cronograma!J$2:J$30=$A33)*(Cronograma!$B$2:$B$30=FALSE))>0))>0),(((SUMPRODUCT((Cronograma!J$2:J$30=$A33)*1)=0)*NOT(SUMPRODUCT((Cronograma!I$2:I$30=$A33)*(Cronograma!$B$2:$B$30=TRUE))>0))+((SUMPRODUCT((Cronograma!J$2:J$30=$A33)*1)=0)*NOT(SUMPRODUCT((Cronograma!K$2:K$30=$A33)*(Cronograma!$B$2:$B$30=FALSE))>0))>0),(((SUMPRODUCT((Cronograma!K$2:K$30=$A33)*1)=0)*NOT(SUMPRODUCT((Cronograma!J$2:J$30=$A33)*(Cronograma!$B$2:$B$30=TRUE))>0))+((SUMPRODUCT((Cronograma!K$2:K$30=$A33)*1)=0)*NOT(SUMPRODUCT((Cronograma!L$2:L$30=$A33)*(Cronograma!$B$2:$B$30=FALSE))>0))>0),(((SUMPRODUCT((Cronograma!L$2:L$30=$A33)*1)=0)*NOT(SUMPRODUCT((Cronograma!K$2:K$30=$A33)*(Cronograma!$B$2:$B$30=TRUE))>0))+((SUMPRODUCT((Cronograma!L$2:L$30=$A33)*1)=0)*NOT(SUMPRODUCT((Cronograma!M$2:M$30=$A33)*(Cronograma!$B$2:$B$30=FALSE))>0))>0),(((SUMPRODUCT((Cronograma!M$2:M$30=$A33)*1)=0)*NOT(SUMPRODUCT((Cronograma!L$2:L$30=$A33)*(Cronograma!$B$2:$B$30=TRUE))>0))+((SUMPRODUCT((Cronograma!M$2:M$30=$A33)*1)=0)*NOT(SUMPRODUCT((Cronograma!N$2:N$30=$A33)*(Cronograma!$B$2:$B$30=FALSE))>0))>0),(((SUMPRODUCT((Cronograma!N$2:N$30=$A33)*1)=0)*NOT(SUMPRODUCT((Cronograma!M$2:M$30=$A33)*(Cronograma!$B$2:$B$30=TRUE))>0))+((SUMPRODUCT((Cronograma!N$2:N$30=$A33)*1)=0)*NOT(SUMPRODUCT((Cronograma!O$2:O$30=$A33)*(Cronograma!$B$2:$B$30=FALSE))>0))>0),(((SUMPRODUCT((Cronograma!O$2:O$30=$A33)*1)=0)*NOT(SUMPRODUCT((Cronograma!N$2:N$30=$A33)*(Cronograma!$B$2:$B$30=TRUE))>0))+((SUMPRODUCT((Cronograma!O$2:O$30=$A33)*1)=0)*NOT(SUMPRODUCT((Cronograma!P$2:P$30=$A33)*(Cronograma!$B$2:$B$30=FALSE))>0))>0),(((SUMPRODUCT((Cronograma!P$2:P$30=$A33)*1)=0)*NOT(SUMPRODUCT((Cronograma!O$2:O$30=$A33)*(Cronograma!$B$2:$B$30=TRUE))>0))+((SUMPRODUCT((Cronograma!P$2:P$30=$A33)*1)=0)*NOT(SUMPRODUCT((Cronograma!Q$2:Q$30=$A33)*(Cronograma!$B$2:$B$30=FALSE))>0))>0),((SUMPRODUCT((Cronograma!Q$2:Q$30=$A33)*1)=0)*NOT(SUMPRODUCT((Cronograma!P$2:P$30=$A33)*(Cronograma!$B$2:$B$30=TRUE))>0))) -> 0 | E33: {=_xlfn.XLOOKUP("Carolina",Cronograma!C2:C30,Cronograma!A2:A30,"")} -> 0 | F33: {=_xlfn.XLOOKUP("Carolina",Cronograma!D2:D30,Cronograma!A2:A30,"")} -> 0 | G33: {=_xlfn.XLOOKUP("Carolina",Cronograma!E2:E30,Cronograma!A2:A30,"")} -> 0 | H33: {=_xlfn.XLOOKUP("Carolina",Cronograma!F2:F30,Cronograma!A2:A30,"")} -> 0 | I33: {=_xlfn.XLOOKUP("Carolina",Cronograma!G2:G30,Cronograma!A2:A30,"")} -> 0 | J33: {=_xlfn.XLOOKUP("Carolina",Cronograma!H2:H30,Cronograma!A2:A30,"")} -> 0 | K33: {=_xlfn.XLOOKUP("Carolina",Cronograma!I2:I30,Cronograma!A2:A30,"")} -> 0 | L33: {=_xlfn.XLOOKUP("Carolina",Cronograma!J2:J30,Cronograma!A2:A30,"")} -> 0 | M33: {=_xlfn.XLOOKUP("Carolina",Cronograma!K2:K30,Cronograma!A2:A30,"")} -> 0 | N33: {=_xlfn.XLOOKUP("Carolina",Cronograma!L2:L30,Cronograma!A2:A30,"")} -> 0 | O33: {=_xlfn.XLOOKUP("Carolina",Cronograma!M2:M30,Cronograma!A2:A30,"")} -> 0 | P33: {=_xlfn.XLOOKUP("Carolina",Cronograma!N2:N30,Cronograma!A2:A30,"")} -> 0 | Q33: {=_xlfn.XLOOKUP("Carolina",Cronograma!O2:O30,Cronograma!A2:A30,"")} -> 0 | R33: {=_xlfn.XLOOKUP("Carolina",Cronograma!P2:P30,Cronograma!A2:A30,"")} -> 0 | S33: {=_xlfn.XLOOKUP("Carolina",Cronograma!Q2:Q30,Cronograma!A2:A30,"")} -> 0
A34: Maria Naydu | B34: =SUMPRODUCT((Cronograma!B2:B30=FALSE) * (COUNTIF(E34:S34, Cronograma!A2:A30))) -> 0 | C34: =SUMPRODUCT((Cronograma!B2:B30=TRUE) * (COUNTIF(E34:S34, Cronograma!A2:A30))) -> 0 | D34: =SUM(((SUMPRODUCT((Cronograma!C$2:C$30=$A34)*1)=0)*NOT(SUMPRODUCT((Cronograma!D$2:D$30=$A34)*(Cronograma!$B$2:$B$30=FALSE))>0)),(((SUMPRODUCT((Cronograma!D$2:D$30=$A34)*1)=0)*NOT(SUMPRODUCT((Cronograma!C$2:C$30=$A34)*(Cronograma!$B$2:$B$30=TRUE))>0))+((SUMPRODUCT((Cronograma!D$2:D$30=$A34)*1)=0)*NOT(SUMPRODUCT((Cronograma!E$2:E$30=$A34)*(Cronograma!$B$2:$B$30=FALSE))>0))>0),(((SUMPRODUCT((Cronograma!E$2:E$30=$A34)*1)=0)*NOT(SUMPRODUCT((Cronograma!D$2:D$30=$A34)*(Cronograma!$B$2:$B$30=TRUE))>0))+((SUMPRODUCT((Cronograma!E$2:E$30=$A34)*1)=0)*NOT(SUMPRODUCT((Cronograma!F$2:F$30=$A34)*(Cronograma!$B$2:$B$30=FALSE))>0))>0),(((SUMPRODUCT((Cronograma!F$2:F$30=$A34)*1)=0)*NOT(SUMPRODUCT((Cronograma!E$2:E$30=$A34)*(Cronograma!$B$2:$B$30=TRUE))>0))+((SUMPRODUCT((Cronograma!F$2:F$30=$A34)*1)=0)*NOT(SUMPRODUCT((Cronograma!G$2:G$30=$A34)*(Cronograma!$B$2:$B$30=FALSE))>0))>0),(((SUMPRODUCT((Cronograma!G$2:G$30=$A34)*1)=0)*NOT(SUMPRODUCT((Cronograma!F$2:F$30=$A34)*(Cronograma!$B$2:$B$30=TRUE))>0))+((SUMPRODUCT((Cronograma!G$2:G$30=$A34)*1)=0)*NOT(SUMPRODUCT((Cronograma!H$2:H$30=$A34)*(Cronograma!$B$2:$B$30=FALSE))>0))>0),(((SUMPRODUCT((Cronograma!H$2:H$30=$A34)*1)=0)*NOT(SUMPRODUCT((Cronograma!G$2:G$30=$A34)*(Cronograma!$B$2:$B$30=TRUE))>0))+((SUMPRODUCT((Cronograma!H$2:H$30=$A34)*1)=0)*NOT(SUMPRODUCT((Cronograma!I$2:I$30=$A34)*(Cronograma!$B$2:$B$30=FALSE))>0))>0),(((SUMPRODUCT((Cronograma!I$2:I$30=$A34)*1)=0)*NOT(SUMPRODUCT((Cronograma!H$2:H$30=$A34)*(Cronograma!$B$2:$B$30=TRUE))>0))+((SUMPRODUCT((Cronograma!I$2:I$30=$A34)*1)=0)*NOT(SUMPRODUCT((Cronograma!J$2:J$30=$A34)*(Cronograma!$B$2:$B$30=FALSE))>0))>0),(((SUMPRODUCT((Cronograma!J$2:J$30=$A34)*1)=0)*NOT(SUMPRODUCT((Cronograma!I$2:I$30=$A34)*(Cronograma!$B$2:$B$30=TRUE))>0))+((SUMPRODUCT((Cronograma!J$2:J$30=$A34)*1)=0)*NOT(SUMPRODUCT((Cronograma!K$2:K$30=$A34)*(Cronograma!$B$2:$B$30=FALSE))>0))>0),(((SUMPRODUCT((Cronograma!K$2:K$30=$A34)*1)=0)*NOT(SUMPRODUCT((Cronograma!J$2:J$30=$A34)*(Cronograma!$B$2:$B$30=TRUE))>0))+((SUMPRODUCT((Cronograma!K$2:K$30=$A34)*1)=0)*NOT(SUMPRODUCT((Cronograma!L$2:L$30=$A34)*(Cronograma!$B$2:$B$30=FALSE))>0))>0),(((SUMPRODUCT((Cronograma!L$2:L$30=$A34)*1)=0)*NOT(SUMPRODUCT((Cronograma!K$2:K$30=$A34)*(Cronograma!$B$2:$B$30=TRUE))>0))+((SUMPRODUCT((Cronograma!L$2:L$30=$A34)*1)=0)*NOT(SUMPRODUCT((Cronograma!M$2:M$30=$A34)*(Cronograma!$B$2:$B$30=FALSE))>0))>0),(((SUMPRODUCT((Cronograma!M$2:M$30=$A34)*1)=0)*NOT(SUMPRODUCT((Cronograma!L$2:L$30=$A34)*(Cronograma!$B$2:$B$30=TRUE))>0))+((SUMPRODUCT((Cronograma!M$2:M$30=$A34)*1)=0)*NOT(SUMPRODUCT((Cronograma!N$2:N$30=$A34)*(Cronograma!$B$2:$B$30=FALSE))>0))>0),(((SUMPRODUCT((Cronograma!N$2:N$30=$A34)*1)=0)*NOT(SUMPRODUCT((Cronograma!M$2:M$30=$A34)*(Cronograma!$B$2:$B$30=TRUE))>0))+((SUMPRODUCT((Cronograma!N$2:N$30=$A34)*1)=0)*NOT(SUMPRODUCT((Cronograma!O$2:O$30=$A34)*(Cronograma!$B$2:$B$30=FALSE))>0))>0),(((SUMPRODUCT((Cronograma!O$2:O$30=$A34)*1)=0)*NOT(SUMPRODUCT((Cronograma!N$2:N$30=$A34)*(Cronograma!$B$2:$B$30=TRUE))>0))+((SUMPRODUCT((Cronograma!O$2:O$30=$A34)*1)=0)*NOT(SUMPRODUCT((Cronograma!P$2:P$30=$A34)*(Cronograma!$B$2:$B$30=FALSE))>0))>0),(((SUMPRODUCT((Cronograma!P$2:P$30=$A34)*1)=0)*NOT(SUMPRODUCT((Cronograma!O$2:O$30=$A34)*(Cronograma!$B$2:$B$30=TRUE))>0))+((SUMPRODUCT((Cronograma!P$2:P$30=$A34)*1)=0)*NOT(SUMPRODUCT((Cronograma!Q$2:Q$30=$A34)*(Cronograma!$B$2:$B$30=FALSE))>0))>0),((SUMPRODUCT((Cronograma!Q$2:Q$30=$A34)*1)=0)*NOT(SUMPRODUCT((Cronograma!P$2:P$30=$A34)*(Cronograma!$B$2:$B$30=TRUE))>0))) -> 0 | E34: {=_xlfn.XLOOKUP("Maria Naydu",Cronograma!C2:C30,Cronograma!A2:A30,"")} -> 0 | F34: {=_xlfn.XLOOKUP("Maria Naydu",Cronograma!D2:D30,Cronograma!A2:A30,"")} -> 0 | G34: {=_xlfn.XLOOKUP("Maria Naydu",Cronograma!E2:E30,Cronograma!A2:A30,"")} -> 0 | H34: {=_xlfn.XLOOKUP("Maria Naydu",Cronograma!F2:F30,Cronograma!A2:A30,"")} -> 0 | I34: {=_xlfn.XLOOKUP("Maria Naydu",Cronograma!G2:G30,Cronograma!A2:A30,"")} -> 0 | J34: {=_xlfn.XLOOKUP("Maria Naydu",Cronograma!H2:H30,Cronograma!A2:A30,"")} -> 0 | K34: {=_xlfn.XLOOKUP("Maria Naydu",Cronograma!I2:I30,Cronograma!A2:A30,"")} -> 0 | L34: {=_xlfn.XLOOKUP("Maria Naydu",Cronograma!J2:J30,Cronograma!A2:A30,"")} -> 0 | M34: {=_xlfn.XLOOKUP("Maria Naydu",Cronograma!K2:K30,Cronograma!A2:A30,"")} -> 0 | N34: {=_xlfn.XLOOKUP("Maria Naydu",Cronograma!L2:L30,Cronograma!A2:A30,"")} -> 0 | O34: {=_xlfn.XLOOKUP("Maria Naydu",Cronograma!M2:M30,Cronograma!A2:A30,"")} -> 0 | P34: {=_xlfn.XLOOKUP("Maria Naydu",Cronograma!N2:N30,Cronograma!A2:A30,"")} -> 0 | Q34: {=_xlfn.XLOOKUP("Maria Naydu",Cronograma!O2:O30,Cronograma!A2:A30,"")} -> 0 | R34: {=_xlfn.XLOOKUP("Maria Naydu",Cronograma!P2:P30,Cronograma!A2:A30,"")} -> 0 | S34: {=_xlfn.XLOOKUP("Maria Naydu",Cronograma!Q2:Q30,Cronograma!A2:A30,"")} -> 0
A35: Maria Alejandra | B35: =SUMPRODUCT((Cronograma!B2:B30=FALSE) * (COUNTIF(E35:S35, Cronograma!A2:A30))) -> 0 | C35: =SUMPRODUCT((Cronograma!B2:B30=TRUE) * (COUNTIF(E35:S35, Cronograma!A2:A30))) -> 0 | D35: =SUM(((SUMPRODUCT((Cronograma!C$2:C$30=$A35)*1)=0)*NOT(SUMPRODUCT((Cronograma!D$2:D$30=$A35)*(Cronograma!$B$2:$B$30=FALSE))>0)),(((SUMPRODUCT((Cronograma!D$2:D$30=$A35)*1)=0)*NOT(SUMPRODUCT((Cronograma!C$2:C$30=$A35)*(Cronograma!$B$2:$B$30=TRUE))>0))+((SUMPRODUCT((Cronograma!D$2:D$30=$A35)*1)=0)*NOT(SUMPRODUCT((Cronograma!E$2:E$30=$A35)*(Cronograma!$B$2:$B$30=FALSE))>0))>0),(((SUMPRODUCT((Cronograma!E$2:E$30=$A35)*1)=0)*NOT(SUMPRODUCT((Cronograma!D$2:D$30=$A35)*(Cronograma!$B$2:$B$30=TRUE))>0))+((SUMPRODUCT((Cronograma!E$2:E$30=$A35)*1)=0)*NOT(SUMPRODUCT((Cronograma!F$2:F$30=$A35)*(Cronograma!$B$2:$B$30=FALSE))>0))>0),(((SUMPRODUCT((Cronograma!F$2:F$30=$A35)*1)=0)*NOT(SUMPRODUCT((Cronograma!E$2:E$30=$A35)*(Cronograma!$B$2:$B$30=TRUE))>0))+((SUMPRODUCT((Cronograma!F$2:F$30=$A35)*1)=0)*NOT(SUMPRODUCT((Cronograma!G$2:G$30=$A35)*(Cronograma!$B$2:$B$30=FALSE))>0))>0),(((SUMPRODUCT((Cronograma!G$2:G$30=$A35)*1)=0)*NOT(SUMPRODUCT((Cronograma!F$2:F$30=$A35)*(Cronograma!$B$2:$B$30=TRUE))>0))+((SUMPRODUCT((Cronograma!G$2:G$30=$A35)*1)=0)*NOT(SUMPRODUCT((Cronograma!H$2:H$30=$A35)*(Cronograma!$B$2:$B$30=FALSE))>0))>0),(((SUMPRODUCT((Cronograma!H$2:H$30=$A35)*1)=0)*NOT(SUMPRODUCT((Cronograma!G$2:G$30=$A35)*(Cronograma!$B$2:$B$30=TRUE))>0))+((SUMPRODUCT((Cronograma!H$2:H$30=$A35)*1)=0)*NOT(SUMPRODUCT((Cronograma!I$2:I$30=$A35)*(Cronograma!$B$2:$B$30=FALSE))>0))>0),(((SUMPRODUCT((Cronograma!I$2:I$30=$A35)*1)=0)*NOT(SUMPRODUCT((Cronograma!H$2:H$30=$A35)*(Cronograma!$B$2:$B$30=TRUE))>0))+((SUMPRODUCT((Cronograma!I$2:I$30=$A35)*1)=0)*NOT(SUMPRODUCT((Cronograma!J$2:J$30=$A35)*(Cronograma!$B$2:$B$30=FALSE))>0))>0),(((SUMPRODUCT((Cronograma!J$2:J$30=$A35)*1)=0)*NOT(SUMPRODUCT((Cronograma!I$2:I$30=$A35)*(Cronograma!$B$2:$B$30=TRUE))>0))+((SUMPRODUCT((Cronograma!J$2:J$30=$A35)*1)=0)*NOT(SUMPRODUCT((Cronograma!K$2:K$30=$A35)*(Cronograma!$B$2:$B$30=FALSE))>0))>0),(((SUMPRODUCT((Cronograma!K$2:K$30=$A35)*1)=0)*NOT(SUMPRODUCT((Cronograma!J$2:J$30=$A35)*(Cronograma!$B$2:$B$30=TRUE))>0))+((SUMPRODUCT((Cronograma!K$2:K$30=$A35)*1)=0)*NOT(SUMPRODUCT((Cronograma!L$2:L$30=$A35)*(Cronograma!$B$2:$B$30=FALSE))>0))>0),(((SUMPRODUCT((Cronograma!L$2:L$30=$A35)*1)=0)*NOT(SUMPRODUCT((Cronograma!K$2:K$30=$A35)*(Cronograma!$B$2:$B$30=TRUE))>0))+((SUMPRODUCT((Cronograma!L$2:L$30=$A35)*1)=0)*NOT(SUMPRODUCT((Cronograma!M$2:M$30=$A35)*(Cronograma!$B$2:$B$30=FALSE))>0))>0),(((SUMPRODUCT((Cronograma!M$2:M$30=$A35)*1)=0)*NOT(SUMPRODUCT((Cronograma!L$2:L$30=$A35)*(Cronograma!$B$2:$B$30=TRUE))>0))+((SUMPRODUCT((Cronograma!M$2:M$30=$A35)*1)=0)*NOT(SUMPRODUCT((Cronograma!N$2:N$30=$A35)*(Cronograma!$B$2:$B$30=FALSE))>0))>0),(((SUMPRODUCT((Cronograma!N$2:N$30=$A35)*1)=0)*NOT(SUMPRODUCT((Cronograma!M$2:M$30=$A35)*(Cronograma!$B$2:$B$30=TRUE))>0))+((SUMPRODUCT((Cronograma!N$2:N$30=$A35)*1)=0)*NOT(SUMPRODUCT((Cronograma!O$2:O$30=$A35)*(Cronograma!$B$2:$B$30=FALSE))>0))>0),(((SUMPRODUCT((Cronograma!O$2:O$30=$A35)*1)=0)*NOT(SUMPRODUCT((Cronograma!N$2:N$30=$A35)*(Cronograma!$B$2:$B$30=TRUE))>0))+((SUMPRODUCT((Cronograma!O$2:O$30=$A35)*1)=0)*NOT(SUMPRODUCT((Cronograma!P$2:P$30=$A35)*(Cronograma!$B$2:$B$30=FALSE))>0))>0),(((SUMPRODUCT((Cronograma!P$2:P$30=$A35)*1)=0)*NOT(SUMPRODUCT((Cronograma!O$2:O$30=$A35)*(Cronograma!$B$2:$B$30=TRUE))>0))+((SUMPRODUCT((Cronograma!P$2:P$30=$A35)*1)=0)*NOT(SUMPRODUCT((Cronograma!Q$2:Q$30=$A35)*(Cronograma!$B$2:$B$30=FALSE))>0))>0),((SUMPRODUCT((Cronograma!Q$2:Q$30=$A35)*1)=0)*NOT(SUMPRODUCT((Cronograma!P$2:P$30=$A35)*(Cronograma!$B$2:$B$30=TRUE))>0))) -> 0 | E35: {=_xlfn.XLOOKUP("Maria Alejandra",Cronograma!C2:C30,Cronograma!A2:A30,"")} -> 0 | F35: {=_xlfn.XLOOKUP("Maria Alejandra",Cronograma!D2:D30,Cronograma!A2:A30,"")} -> 0 | G35: {=_xlfn.XLOOKUP("Maria Alejandra",Cronograma!E2:E30,Cronograma!A2:A30,"")} -> 0 | H35: {=_xlfn.XLOOKUP("Maria Alejandra",Cronograma!F2:F30,Cronograma!A2:A30,"")} -> 0 | I35: {=_xlfn.XLOOKUP("Maria Alejandra",Cronograma!G2:G30,Cronograma!A2:A30,"")} -> 0 | J35: {=_xlfn.XLOOKUP("Maria Alejandra",Cronograma!H2:H30,Cronograma!A2:A30,"")} -> 0 | K35: {=_xlfn.XLOOKUP("Maria Alejandra",Cronograma!I2:I30,Cronograma!A2:A30,"")} -> 0 | L35: {=_xlfn.XLOOKUP("Maria Alejandra",Cronograma!J2:J30,Cronograma!A2:A30,"")} -> 0 | M35: {=_xlfn.XLOOKUP("Maria Alejandra",Cronograma!K2:K30,Cronograma!A2:A30,"")} -> 0 | N35: {=_xlfn.XLOOKUP("Maria Alejandra",Cronograma!L2:L30,Cronograma!A2:A30,"")} -> 0 | O35: {=_xlfn.XLOOKUP("Maria Alejandra",Cronograma!M2:M30,Cronograma!A2:A30,"")} -> 0 | P35: {=_xlfn.XLOOKUP("Maria Alejandra",Cronograma!N2:N30,Cronograma!A2:A30,"")} -> 0 | Q35: {=_xlfn.XLOOKUP("Maria Alejandra",Cronograma!O2:O30,Cronograma!A2:A30,"")} -> 0 | R35: {=_xlfn.XLOOKUP("Maria Alejandra",Cronograma!P2:P30,Cronograma!A2:A30,"")} -> 0 | S35: {=_xlfn.XLOOKUP("Maria Alejandra",Cronograma!Q2:Q30,Cronograma!A2:A30,"")} -> 0
A36: Tatiana | B36: =SUMPRODUCT((Cronograma!B2:B30=FALSE) * (COUNTIF(E36:S36, Cronograma!A2:A30))) -> 0 | C36: =SUMPRODUCT((Cronograma!B2:B30=TRUE) * (COUNTIF(E36:S36, Cronograma!A2:A30))) -> 0 | D36: =SUM(((SUMPRODUCT((Cronograma!C$2:C$30=$A36)*1)=0)*NOT(SUMPRODUCT((Cronograma!D$2:D$30=$A36)*(Cronograma!$B$2:$B$30=FALSE))>0)),(((SUMPRODUCT((Cronograma!D$2:D$30=$A36)*1)=0)*NOT(SUMPRODUCT((Cronograma!C$2:C$30=$A36)*(Cronograma!$B$2:$B$30=TRUE))>0))+((SUMPRODUCT((Cronograma!D$2:D$30=$A36)*1)=0)*NOT(SUMPRODUCT((Cronograma!E$2:E$30=$A36)*(Cronograma!$B$2:$B$30=FALSE))>0))>0),(((SUMPRODUCT((Cronograma!E$2:E$30=$A36)*1)=0)*NOT(SUMPRODUCT((Cronograma!D$2:D$30=$A36)*(Cronograma!$B$2:$B$30=TRUE))>0))+((SUMPRODUCT((Cronograma!E$2:E$30=$A36)*1)=0)*NOT(SUMPRODUCT((Cronograma!F$2:F$30=$A36)*(Cronograma!$B$2:$B$30=FALSE))>0))>0),(((SUMPRODUCT((Cronograma!F$2:F$30=$A36)*1)=0)*NOT(SUMPRODUCT((Cronograma!E$2:E$30=$A36)*(Cronograma!$B$2:$B$30=TRUE))>0))+((SUMPRODUCT((Cronograma!F$2:F$30=$A36)*1)=0)*NOT(SUMPRODUCT((Cronograma!G$2:G$30=$A36)*(Cronograma!$B$2:$B$30=FALSE))>0))>0),(((SUMPRODUCT((Cronograma!G$2:G$30=$A36)*1)=0)*NOT(SUMPRODUCT((Cronograma!F$2:F$30=$A36)*(Cronograma!$B$2:$B$30=TRUE))>0))+((SUMPRODUCT((Cronograma!G$2:G$30=$A36)*1)=0)*NOT(SUMPRODUCT((Cronograma!H$2:H$30=$A36)*(Cronograma!$B$2:$B$30=FALSE))>0))>0),(((SUMPRODUCT((Cronograma!H$2:H$30=$A36)*1)=0)*NOT(SUMPRODUCT((Cronograma!G$2:G$30=$A36)*(Cronograma!$B$2:$B$30=TRUE))>0))+((SUMPRODUCT((Cronograma!H$2:H$30=$A36)*1)=0)*NOT(SUMPRODUCT((Cronograma!I$2:I$30=$A36)*(Cronograma!$B$2:$B$30=FALSE))>0))>0),(((SUMPRODUCT((Cronograma!I$2:I$30=$A36)*1)=0)*NOT(SUMPRODUCT((Cronograma!H$2:H$30=$A36)*(Cronograma!$B$2:$B$30=TRUE))>0))+((SUMPRODUCT((Cronograma!I$2:I$30=$A36)*1)=0)*NOT(SUMPRODUCT((Cronograma!J$2:J$30=$A36)*(Cronograma!$B$2:$B$30=FALSE))>0))>0),(((SUMPRODUCT((Cronograma!J$2:J$30=$A36)*1)=0)*NOT(SUMPRODUCT((Cronograma!I$2:I$30=$A36)*(Cronograma!$B$2:$B$30=TRUE))>0))+((SUMPRODUCT((Cronograma!J$2:J$30=$A36)*1)=0)*NOT(SUMPRODUCT((Cronograma!K$2:K$30=$A36)*(Cronograma!$B$2:$B$30=FALSE))>0))>0),(((SUMPRODUCT((Cronograma!K$2:K$30=$A36)*1)=0)*NOT(SUMPRODUCT((Cronograma!J$2:J$30=$A36)*(Cronograma!$B$2:$B$30=TRUE))>0))+((SUMPRODUCT((Cronograma!K$2:K$30=$A36)*1)=0)*NOT(SUMPRODUCT((Cronograma!L$2:L$30=$A36)*(Cronograma!$B$2:$B$30=FALSE))>0))>0),(((SUMPRODUCT((Cronograma!L$2:L$30=$A36)*1)=0)*NOT(SUMPRODUCT((Cronograma!K$2:K$30=$A36)*(Cronograma!$B$2:$B$30=TRUE))>0))+((SUMPRODUCT((Cronograma!L$2:L$30=$A36)*1)=0)*NOT(SUMPRODUCT((Cronograma!M$2:M$30=$A36)*(Cronograma!$B$2:$B$30=FALSE))>0))>0),(((SUMPRODUCT((Cronograma!M$2:M$30=$A36)*1)=0)*NOT(SUMPRODUCT((Cronograma!L$2:L$30=$A36)*(Cronograma!$B$2:$B$30=TRUE))>0))+((SUMPRODUCT((Cronograma!M$2:M$30=$A36)*1)=0)*NOT(SUMPRODUCT((Cronograma!N$2:N$30=$A36)*(Cronograma!$B$2:$B$30=FALSE))>0))>0),(((SUMPRODUCT((Cronograma!N$2:N$30=$A36)*1)=0)*NOT(SUMPRODUCT((Cronograma!M$2:M$30=$A36)*(Cronograma!$B$2:$B$30=TRUE))>0))+((SUMPRODUCT((Cronograma!N$2:N$30=$A36)*1)=0)*NOT(SUMPRODUCT((Cronograma!O$2:O$30=$A36)*(Cronograma!$B$2:$B$30=FALSE))>0))>0),(((SUMPRODUCT((Cronograma!O$2:O$30=$A36)*1)=0)*NOT(SUMPRODUCT((Cronograma!N$2:N$30=$A36)*(Cronograma!$B$2:$B$30=TRUE))>0))+((SUMPRODUCT((Cronograma!O$2:O$30=$A36)*1)=0)*NOT(SUMPRODUCT((Cronograma!P$2:P$30=$A36)*(Cronograma!$B$2:$B$30=FALSE))>0))>0),(((SUMPRODUCT((Cronograma!P$2:P$30=$A36)*1)=0)*NOT(SUMPRODUCT((Cronograma!O$2:O$30=$A36)*(Cronograma!$B$2:$B$30=TRUE))>0))+((SUMPRODUCT((Cronograma!P$2:P$30=$A36)*1)=0)*NOT(SUMPRODUCT((Cronograma!Q$2:Q$30=$A36)*(Cronograma!$B$2:$B$30=FALSE))>0))>0),((SUMPRODUCT((Cronograma!Q$2:Q$30=$A36)*1)=0)*NOT(SUMPRODUCT((Cronograma!P$2:P$30=$A36)*(Cronograma!$B$2:$B$30=TRUE))>0))) -> 0 | E36: {=_xlfn.XLOOKUP("Tatiana",Cronograma!C2:C30,Cronograma!A2:A30,"")} -> 0 | F36: {=_xlfn.XLOOKUP("Tatiana",Cronograma!D2:D30,Cronograma!A2:A30,"")} -> 0 | G36: {=_xlfn.XLOOKUP("Tatiana",Cronograma!E2:E30,Cronograma!A2:A30,"")} -> 0 | H36: {=_xlfn.XLOOKUP("Tatiana",Cronograma!F2:F30,Cronograma!A2:A30,"")} -> 0 | I36: {=_xlfn.XLOOKUP("Tatiana",Cronograma!G2:G30,Cronograma!A2:A30,"")} -> 0 | J36: {=_xlfn.XLOOKUP("Tatiana",Cronograma!H2:H30,Cronograma!A2:A30,"")} -> 0 | K36: {=_xlfn.XLOOKUP("Tatiana",Cronograma!I2:I30,Cronograma!A2:A30,"")} -> 0 | L36: {=_xlfn.XLOOKUP("Tatiana",Cronograma!J2:J30,Cronograma!A2:A30,"")} -> 0 | M36: {=_xlfn.XLOOKUP("Tatiana",Cronograma!K2:K30,Cronograma!A2:A30,"")} -> 0 | N36: {=_xlfn.XLOOKUP("Tatiana",Cronograma!L2:L30,Cronograma!A2:A30,"")} -> 0 | O36: {=_xlfn.XLOOKUP("Tatiana",Cronograma!M2:M30,Cronograma!A2:A30,"")} -> 0 | P36: {=_xlfn.XLOOKUP("Tatiana",Cronograma!N2:N30,Cronograma!A2:A30,"")} -> 0 | Q36: {=_xlfn.XLOOKUP("Tatiana",Cronograma!O2:O30,Cronograma!A2:A30,"")} -> 0 | R36: {=_xlfn.XLOOKUP("Tatiana",Cronograma!P2:P30,Cronograma!A2:A30,"")} -> 0 | S36: {=_xlfn.XLOOKUP("Tatiana",Cronograma!Q2:Q30,Cronograma!A2:A30,"")} -> 0
A37: Luz Mery | B37: =SUMPRODUCT((Cronograma!B2:B30=FALSE) * (COUNTIF(E37:S37, Cronograma!A2:A30))) -> 0 | C37: =SUMPRODUCT((Cronograma!B2:B30=TRUE) * (COUNTIF(E37:S37, Cronograma!A2:A30))) -> 0 | D37: =SUM(((SUMPRODUCT((Cronograma!C$2:C$30=$A37)*1)=0)*NOT(SUMPRODUCT((Cronograma!D$2:D$30=$A37)*(Cronograma!$B$2:$B$30=FALSE))>0)),(((SUMPRODUCT((Cronograma!D$2:D$30=$A37)*1)=0)*NOT(SUMPRODUCT((Cronograma!C$2:C$30=$A37)*(Cronograma!$B$2:$B$30=TRUE))>0))+((SUMPRODUCT((Cronograma!D$2:D$30=$A37)*1)=0)*NOT(SUMPRODUCT((Cronograma!E$2:E$30=$A37)*(Cronograma!$B$2:$B$30=FALSE))>0))>0),(((SUMPRODUCT((Cronograma!E$2:E$30=$A37)*1)=0)*NOT(SUMPRODUCT((Cronograma!D$2:D$30=$A37)*(Cronograma!$B$2:$B$30=TRUE))>0))+((SUMPRODUCT((Cronograma!E$2:E$30=$A37)*1)=0)*NOT(SUMPRODUCT((Cronograma!F$2:F$30=$A37)*(Cronograma!$B$2:$B$30=FALSE))>0))>0),(((SUMPRODUCT((Cronograma!F$2:F$30=$A37)*1)=0)*NOT(SUMPRODUCT((Cronograma!E$2:E$30=$A37)*(Cronograma!$B$2:$B$30=TRUE))>0))+((SUMPRODUCT((Cronograma!F$2:F$30=$A37)*1)=0)*NOT(SUMPRODUCT((Cronograma!G$2:G$30=$A37)*(Cronograma!$B$2:$B$30=FALSE))>0))>0),(((SUMPRODUCT((Cronograma!G$2:G$30=$A37)*1)=0)*NOT(SUMPRODUCT((Cronograma!F$2:F$30=$A37)*(Cronograma!$B$2:$B$30=TRUE))>0))+((SUMPRODUCT((Cronograma!G$2:G$30=$A37)*1)=0)*NOT(SUMPRODUCT((Cronograma!H$2:H$30=$A37)*(Cronograma!$B$2:$B$30=FALSE))>0))>0),(((SUMPRODUCT((Cronograma!H$2:H$30=$A37)*1)=0)*NOT(SUMPRODUCT((Cronograma!G$2:G$30=$A37)*(Cronograma!$B$2:$B$30=TRUE))>0))+((SUMPRODUCT((Cronograma!H$2:H$30=$A37)*1)=0)*NOT(SUMPRODUCT((Cronograma!I$2:I$30=$A37)*(Cronograma!$B$2:$B$30=FALSE))>0))>0),(((SUMPRODUCT((Cronograma!I$2:I$30=$A37)*1)=0)*NOT(SUMPRODUCT((Cronograma!H$2:H$30=$A37)*(Cronograma!$B$2:$B$30=TRUE))>0))+((SUMPRODUCT((Cronograma!I$2:I$30=$A37)*1)=0)*NOT(SUMPRODUCT((Cronograma!J$2:J$30=$A37)*(Cronograma!$B$2:$B$30=FALSE))>0))>0),(((SUMPRODUCT((Cronograma!J$2:J$30=$A37)*1)=0)*NOT(SUMPRODUCT((Cronograma!I$2:I$30=$A37)*(Cronograma!$B$2:$B$30=TRUE))>0))+((SUMPRODUCT((Cronograma!J$2:J$30=$A37)*1)=0)*NOT(SUMPRODUCT((Cronograma!K$2:K$30=$A37)*(Cronograma!$B$2:$B$30=FALSE))>0))>0),(((SUMPRODUCT((Cronograma!K$2:K$30=$A37)*1)=0)*NOT(SUMPRODUCT((Cronograma!J$2:J$30=$A37)*(Cronograma!$B$2:$B$30=TRUE))>0))+((SUMPRODUCT((Cronograma!K$2:K$30=$A37)*1)=0)*NOT(SUMPRODUCT((Cronograma!L$2:L$30=$A37)*(Cronograma!$B$2:$B$30=FALSE))>0))>0),(((SUMPRODUCT((Cronograma!L$2:L$30=$A37)*1)=0)*NOT(SUMPRODUCT((Cronograma!K$2:K$30=$A37)*(Cronograma!$B$2:$B$30=TRUE))>0))+((SUMPRODUCT((Cronograma!L$2:L$30=$A37)*1)=0)*NOT(SUMPRODUCT((Cronograma!M$2:M$30=$A37)*(Cronograma!$B$2:$B$30=FALSE))>0))>0),(((SUMPRODUCT((Cronograma!M$2:M$30=$A37)*1)=0)*NOT(SUMPRODUCT((Cronograma!L$2:L$30=$A37)*(Cronograma!$B$2:$B$30=TRUE))>0))+((SUMPRODUCT((Cronograma!M$2:M$30=$A37)*1)=0)*NOT(SUMPRODUCT((Cronograma!N$2:N$30=$A37)*(Cronograma!$B$2:$B$30=FALSE))>0))>0),(((SUMPRODUCT((Cronograma!N$2:N$30=$A37)*1)=0)*NOT(SUMPRODUCT((Cronograma!M$2:M$30=$A37)*(Cronograma!$B$2:$B$30=TRUE))>0))+((SUMPRODUCT((Cronograma!N$2:N$30=$A37)*1)=0)*NOT(SUMPRODUCT((Cronograma!O$2:O$30=$A37)*(Cronograma!$B$2:$B$30=FALSE))>0))>0),(((SUMPRODUCT((Cronograma!O$2:O$30=$A37)*1)=0)*NOT(SUMPRODUCT((Cronograma!N$2:N$30=$A37)*(Cronograma!$B$2:$B$30=TRUE))>0))+((SUMPRODUCT((Cronograma!O$2:O$30=$A37)*1)=0)*NOT(SUMPRODUCT((Cronograma!P$2:P$30=$A37)*(Cronograma!$B$2:$B$30=FALSE))>0))>0),(((SUMPRODUCT((Cronograma!P$2:P$30=$A37)*1)=0)*NOT(SUMPRODUCT((Cronograma!O$2:O$30=$A37)*(Cronograma!$B$2:$B$30=TRUE))>0))+((SUMPRODUCT((Cronograma!P$2:P$30=$A37)*1)=0)*NOT(SUMPRODUCT((Cronograma!Q$2:Q$30=$A37)*(Cronograma!$B$2:$B$30=FALSE))>0))>0),((SUMPRODUCT((Cronograma!Q$2:Q$30=$A37)*1)=0)*NOT(SUMPRODUCT((Cronograma!P$2:P$30=$A37)*(Cronograma!$B$2:$B$30=TRUE))>0))) -> 0 | E37: {=_xlfn.XLOOKUP("Luz Mery",Cronograma!C2:C30,Cronograma!A2:A30,"")} -> 0 | F37: {=_xlfn.XLOOKUP("Luz Mery",Cronograma!D2:D30,Cronograma!A2:A30,"")} -> 0 | G37: {=_xlfn.XLOOKUP("Luz Mery",Cronograma!E2:E30,Cronograma!A2:A30,"")} -> 0 | H37: {=_xlfn.XLOOKUP("Luz Mery",Cronograma!F2:F30,Cronograma!A2:A30,"")} -> 0 | I37: {=_xlfn.XLOOKUP("Luz Mery",Cronograma!G2:G30,Cronograma!A2:A30,"")} -> 0 | J37: {=_xlfn.XLOOKUP("Luz Mery",Cronograma!H2:H30,Cronograma!A2:A30,"")} -> 0 | K37: {=_xlfn.XLOOKUP("Luz Mery",Cronograma!I2:I30,Cronograma!A2:A30,"")} -> 0 | L37: {=_xlfn.XLOOKUP("Luz Mery",Cronograma!J2:J30,Cronograma!A2:A30,"")} -> 0 | M37: {=_xlfn.XLOOKUP("Luz Mery",Cronograma!K2:K30,Cronograma!A2:A30,"")} -> 0 | N37: {=_xlfn.XLOOKUP("Luz Mery",Cronograma!L2:L30,Cronograma!A2:A30,"")} -> 0 | O37: {=_xlfn.XLOOKUP("Luz Mery",Cronograma!M2:M30,Cronograma!A2:A30,"")} -> 0 | P37: {=_xlfn.XLOOKUP("Luz Mery",Cronograma!N2:N30,Cronograma!A2:A30,"")} -> 0 | Q37: {=_xlfn.XLOOKUP("Luz Mery",Cronograma!O2:O30,Cronograma!A2:A30,"")} -> 0 | R37: {=_xlfn.XLOOKUP("Luz Mery",Cronograma!P2:P30,Cronograma!A2:A30,"")} -> 0 | S37: {=_xlfn.XLOOKUP("Luz Mery",Cronograma!Q2:Q30,Cronograma!A2:A30,"")} -> 0
